tic,year,quarter,Timestamp_ET,Bid_Ask_Spread,Order_Book_Imbalance,Quote_Revision_Frequency,Quote_Volatility,Trade_Count,Trade_Volume
MMS,2021,1,2021/02/04 09:22:14.000,,,,,1.0,6.0
MMS,2021,1,2021/02/04 09:24:00.000,,,1.0,,,
MMS,2021,1,2021/02/04 09:24:10.087,0.267,0.0,,,,
MMS,2021,1,2021/02/04 09:25:00.000,,,2.0,2.56,,
MMS,2021,1,2021/02/04 09:25:02.096,0.312,0.0,,,,
MMS,2021,1,2021/02/04 09:25:59.199,0.267,0.0,,,,
MMS,2021,1,2021/02/04 09:27:00.000,,,2.0,2.086,,
MMS,2021,1,2021/02/04 09:27:30.346,0.312,0.0,,,,
MMS,2021,1,2021/02/04 09:27:30.347,0.167,0.0,,,,
MMS,2021,1,2021/02/04 09:28:00.000,,,1.0,,,
MMS,2021,1,2021/02/04 09:28:11.017,0.291,0.0,,,,
MMS,2021,1,2021/02/04 09:29:00.000,,,12.0,2.718,,
MMS,2021,1,2021/02/04 09:29:52.085,0.053,0.0,,,,
MMS,2021,1,2021/02/04 09:29:52.086,0.102,0.0,,,,
MMS,2021,1,2021/02/04 09:29:52.092,0.077,-0.75,,,,
MMS,2021,1,2021/02/04 09:29:52.281,0.053,0.0,,,,
MMS,2021,1,2021/02/04 09:29:52.282,0.118,-0.75,,,,
MMS,2021,1,2021/02/04 09:29:52.320,0.114,0.0,,,,
MMS,2021,1,2021/02/04 09:29:54.085,0.09,0.0,,,,
MMS,2021,1,2021/02/04 09:29:54.085,0.09,-0.333,,,,
MMS,2021,1,2021/02/04 09:29:54.086,0.069,0.0,,,,
MMS,2021,1,2021/02/04 09:29:54.086,0.118,-0.333,,,,
MMS,2021,1,2021/02/04 09:29:54.119,0.089,-0.333,,,,
MMS,2021,1,2021/02/04 09:29:54.503,0.093,0.75,,,,
MMS,2021,1,2021/02/04 09:30:00.000,,,5.0,0.431,2.0,8294.0
MMS,2021,1,2021/02/04 09:30:00.057,0.101,0.0,,,,
MMS,2021,1,2021/02/04 09:30:00.089,0.134,0.0,,,,
MMS,2021,1,2021/02/04 09:30:00.303,0.121,0.0,,,,
MMS,2021,1,2021/02/04 09:30:00.308,0.14,0.0,,,,
MMS,2021,1,2021/02/04 09:30:06.000,,,,,1.0,100.0
MMS,2021,1,2021/02/04 09:30:12.000,,,,,1.0,100.0
MMS,2021,1,2021/02/04 09:30:14.000,,,,,1.0,100.0
MMS,2021,1,2021/02/04 09:30:15.000,,,,,1.0,100.0
MMS,2021,1,2021/02/04 09:30:15.816,0.028,0.333,,,,
MMS,2021,1,2021/02/04 09:30:16.000,,,,,1.0,100.0
MMS,2021,1,2021/02/04 09:30:46.000,,,,,1.0,65.0
MMS,2021,1,2021/02/04 09:31:00.000,,,6.0,0.957,,
MMS,2021,1,2021/02/04 09:31:27.000,,,,,1.0,64.0
MMS,2021,1,2021/02/04 09:31:50.000,,,,,10.0,207.0
MMS,2021,1,2021/02/04 09:31:50.872,0.018,0.333,,,,
MMS,2021,1,2021/02/04 09:31:50.873,0.051,0.333,,,,
MMS,2021,1,2021/02/04 09:31:50.885,0.038,0.333,,,,
MMS,2021,1,2021/02/04 09:31:50.886,0.059,0.333,,,,
MMS,2021,1,2021/02/04 09:31:51.551,0.036,0.0,,,,
MMS,2021,1,2021/02/04 09:31:51.577,0.051,0.667,,,,
MMS,2021,1,2021/02/04 09:32:05.000,,,,,2.0,209.0
MMS,2021,1,2021/02/04 09:32:07.000,,,,,1.0,42.0
MMS,2021,1,2021/02/04 09:32:19.000,,,,,1.0,25.0
MMS,2021,1,2021/02/04 09:32:20.000,,,,,2.0,3.0
MMS,2021,1,2021/02/04 09:32:22.000,,,,,1.0,50.0
MMS,2021,1,2021/02/04 09:32:55.000,,,,,1.0,87.0
MMS,2021,1,2021/02/04 09:33:03.000,,,,,1.0,7.0
MMS,2021,1,2021/02/04 09:33:04.000,,,,,1.0,57.0
MMS,2021,1,2021/02/04 09:33:40.000,,,,,1.0,12.0
MMS,2021,1,2021/02/04 09:34:32.000,,,,,1.0,200.0
MMS,2021,1,2021/02/04 09:34:34.000,,,,,3.0,111.0
MMS,2021,1,2021/02/04 09:34:37.000,,,,,1.0,66.0
MMS,2021,1,2021/02/04 09:34:47.000,,,,,1.0,100.0
MMS,2021,1,2021/02/04 09:35:00.000,,,12.0,0.39,,
MMS,2021,1,2021/02/04 09:35:00.747,0.014,0.0,,,,
MMS,2021,1,2021/02/04 09:35:05.000,,,,,2.0,120.0
MMS,2021,1,2021/02/04 09:35:05.705,0.021,0.0,,,,
MMS,2021,1,2021/02/04 09:35:05.705,0.027,0.333,,,,
MMS,2021,1,2021/02/04 09:35:05.706,0.007,0.0,,,,
MMS,2021,1,2021/02/04 09:35:05.707,0.019,0.6,,,,
MMS,2021,1,2021/02/04 09:35:05.707,0.02,0.0,,,,
MMS,2021,1,2021/02/04 09:35:05.708,0.02,-0.273,,,,
MMS,2021,1,2021/02/04 09:35:06.207,0.022,0.0,,,,
MMS,2021,1,2021/02/04 09:35:31.088,0.023,0.2,,,,
MMS,2021,1,2021/02/04 09:35:46.554,0.014,0.6,,,,
MMS,2021,1,2021/02/04 09:35:46.557,0.014,0.5,,,,
MMS,2021,1,2021/02/04 09:35:46.557,0.013,0.0,,,,
MMS,2021,1,2021/02/04 09:36:00.000,,,6.0,0.009,,
MMS,2021,1,2021/02/04 09:36:09.000,,,,,1.0,1.0
MMS,2021,1,2021/02/04 09:36:10.000,,,,,3.0,200.0
MMS,2021,1,2021/02/04 09:36:24.000,,,,,1.0,5.0
MMS,2021,1,2021/02/04 09:36:30.000,,,,,4.0,318.0
MMS,2021,1,2021/02/04 09:36:36.000,,,,,4.0,380.0
MMS,2021,1,2021/02/04 09:36:51.000,,,,,12.0,1001.0
MMS,2021,1,2021/02/04 09:36:51.040,0.013,0.0,,,,
MMS,2021,1,2021/02/04 09:36:51.040,0.013,0.0,,,,
MMS,2021,1,2021/02/04 09:36:51.040,0.013,0.333,,,,
MMS,2021,1,2021/02/04 09:36:52.000,,,,,2.0,15.0
MMS,2021,1,2021/02/04 09:36:53.000,,,,,1.0,15.0
MMS,2021,1,2021/02/04 09:36:53.502,0.012,0.0,,,,
MMS,2021,1,2021/02/04 09:36:53.503,0.012,0.0,,,,
MMS,2021,1,2021/02/04 09:36:54.000,,,,,1.0,15.0
MMS,2021,1,2021/02/04 09:36:55.000,,,,,1.0,15.0
MMS,2021,1,2021/02/04 09:36:56.000,,,,,2.0,15.0
MMS,2021,1,2021/02/04 09:36:56.474,0.012,0.0,,,,
MMS,2021,1,2021/02/04 09:36:57.000,,,,,1.0,8.0
MMS,2021,1,2021/02/04 09:37:00.000,,,34.0,23.799,,
MMS,2021,1,2021/02/04 09:37:04.000,,,,,26.0,1789.0
MMS,2021,1,2021/02/04 09:37:04.596,0.007,0.0,,,,
MMS,2021,1,2021/02/04 09:37:04.596,0.006,0.0,,,,
MMS,2021,1,2021/02/04 09:37:04.597,0.014,-0.333,,,,
MMS,2021,1,2021/02/04 09:37:04.597,0.005,0.0,,,,
MMS,2021,1,2021/02/04 09:37:04.597,0.012,0.0,,,,
MMS,2021,1,2021/02/04 09:37:04.597,0.016,-0.333,,,,
MMS,2021,1,2021/02/04 09:37:04.597,-2.0,1.0,,,,
MMS,2021,1,2021/02/04 09:37:04.597,0.006,0.5,,,,
MMS,2021,1,2021/02/04 09:37:04.598,0.018,0.0,,,,
MMS,2021,1,2021/02/04 09:37:04.599,0.211,0.333,,,,
MMS,2021,1,2021/02/04 09:37:04.600,0.004,-0.333,,,,
MMS,2021,1,2021/02/04 09:37:04.602,0.014,0.5,,,,
MMS,2021,1,2021/02/04 09:37:04.617,0.017,-0.333,,,,
MMS,2021,1,2021/02/04 09:37:04.681,0.023,0.0,,,,
MMS,2021,1,2021/02/04 09:37:05.000,,,,,4.0,133.0
MMS,2021,1,2021/02/04 09:37:06.596,0.024,0.0,,,,
MMS,2021,1,2021/02/04 09:37:06.597,0.027,0.0,,,,
MMS,2021,1,2021/02/04 09:37:15.000,,,,,2.0,200.0
MMS,2021,1,2021/02/04 09:37:15.801,0.017,0.75,,,,
MMS,2021,1,2021/02/04 09:37:15.802,-2.0,1.0,,,,
MMS,2021,1,2021/02/04 09:37:15.821,0.016,-0.333,,,,
MMS,2021,1,2021/02/04 09:37:15.821,0.02,0.0,,,,
MMS,2021,1,2021/02/04 09:37:15.822,-2.0,1.0,,,,
MMS,2021,1,2021/02/04 09:37:16.000,,,,,1.0,1.0
MMS,2021,1,2021/02/04 09:37:16.013,2.0,-1.0,,,,
MMS,2021,1,2021/02/04 09:37:16.014,0.013,0.0,,,,
MMS,2021,1,2021/02/04 09:37:16.019,0.013,0.2,,,,
MMS,2021,1,2021/02/04 09:37:16.067,0.027,-0.333,,,,
MMS,2021,1,2021/02/04 09:37:16.068,-2.0,1.0,,,,
MMS,2021,1,2021/02/04 09:37:16.084,0.018,0.2,,,,
MMS,2021,1,2021/02/04 09:37:32.000,,,,,5.0,300.0
MMS,2021,1,2021/02/04 09:37:32.878,-2.0,1.0,,,,
MMS,2021,1,2021/02/04 09:37:35.046,0.02,0.0,,,,
MMS,2021,1,2021/02/04 09:37:45.000,,,,,1.0,2.0
MMS,2021,1,2021/02/04 09:37:52.000,,,,,3.0,200.0
MMS,2021,1,2021/02/04 09:37:52.299,0.033,0.0,,,,
MMS,2021,1,2021/02/04 09:37:52.305,0.087,0.0,,,,
MMS,2021,1,2021/02/04 09:37:52.305,0.026,-0.5,,,,
MMS,2021,1,2021/02/04 09:37:52.306,-2.0,1.0,,,,
MMS,2021,1,2021/02/04 09:37:52.525,0.018,0.333,,,,
MMS,2021,1,2021/02/04 09:38:00.000,,,7.0,45.681,,
MMS,2021,1,2021/02/04 09:38:03.000,,,,,4.0,200.0
MMS,2021,1,2021/02/04 09:38:03.641,0.016,-0.333,,,,
MMS,2021,1,2021/02/04 09:38:03.641,0.028,0.0,,,,
MMS,2021,1,2021/02/04 09:38:05.000,,,,,1.0,3.0
MMS,2021,1,2021/02/04 09:38:07.000,,,,,1.0,100.0
MMS,2021,1,2021/02/04 09:38:15.000,,,,,1.0,100.0
MMS,2021,1,2021/02/04 09:38:16.000,,,,,1.0,33.0
MMS,2021,1,2021/02/04 09:38:16.090,-2.0,1.0,,,,
MMS,2021,1,2021/02/04 09:38:16.120,,,,,,
MMS,2021,1,2021/02/04 09:38:24.000,,,,,1.0,27.0
MMS,2021,1,2021/02/04 09:38:30.000,,,,,2.0,200.0
MMS,2021,1,2021/02/04 09:38:33.000,,,,,1.0,107.0
MMS,2021,1,2021/02/04 09:38:43.000,,,,,1.0,200.0
MMS,2021,1,2021/02/04 09:38:43.027,0.023,0.5,,,,
MMS,2021,1,2021/02/04 09:38:46.980,-2.0,1.0,,,,
MMS,2021,1,2021/02/04 09:38:51.508,0.016,-0.905,,,,
MMS,2021,1,2021/02/04 09:38:54.000,,,,,1.0,100.0
MMS,2021,1,2021/02/04 09:39:00.000,,,18.0,37.052,,
MMS,2021,1,2021/02/04 09:39:09.000,,,,,4.0,200.0
MMS,2021,1,2021/02/04 09:39:09.321,-2.0,1.0,,,,
MMS,2021,1,2021/02/04 09:39:09.321,-2.0,1.0,,,,
MMS,2021,1,2021/02/04 09:39:11.544,0.014,-0.111,,,,
MMS,2021,1,2021/02/04 09:39:15.469,0.017,0.0,,,,
MMS,2021,1,2021/02/04 09:39:20.000,,,,,2.0,100.0
MMS,2021,1,2021/02/04 09:39:21.000,,,,,3.0,300.0
MMS,2021,1,2021/02/04 09:39:31.000,,,,,1.0,40.0
MMS,2021,1,2021/02/04 09:39:32.000,,,,,1.0,100.0
MMS,2021,1,2021/02/04 09:39:38.000,,,,,1.0,12.0
MMS,2021,1,2021/02/04 09:39:38.875,-2.0,1.0,,,,
MMS,2021,1,2021/02/04 09:39:44.000,,,,,3.0,200.0
MMS,2021,1,2021/02/04 09:39:44.252,0.017,0.5,,,,
MMS,2021,1,2021/02/04 09:39:44.261,-2.0,1.0,,,,
MMS,2021,1,2021/02/04 09:39:55.000,,,,,19.0,1434.0
MMS,2021,1,2021/02/04 09:39:55.370,-2.0,1.0,,,,
MMS,2021,1,2021/02/04 09:39:55.868,0.002,0.0,,,,
MMS,2021,1,2021/02/04 09:39:55.868,0.009,-0.667,,,,
MMS,2021,1,2021/02/04 09:39:55.869,0.006,0.5,,,,
MMS,2021,1,2021/02/04 09:39:55.869,0.017,0.2,,,,
MMS,2021,1,2021/02/04 09:39:55.869,,,,,,
MMS,2021,1,2021/02/04 09:39:55.870,0.186,0.333,,,,
MMS,2021,1,2021/02/04 09:39:55.873,0.186,0.0,,,,
MMS,2021,1,2021/02/04 09:39:55.873,0.48,0.333,,,,
MMS,2021,1,2021/02/04 09:39:58.000,,,,,4.0,200.0
MMS,2021,1,2021/02/04 09:39:58.495,0.009,-0.111,,,,
MMS,2021,1,2021/02/04 09:39:59.934,0.009,-0.667,,,,
MMS,2021,1,2021/02/04 09:40:00.000,,,35.0,19.432,,
MMS,2021,1,2021/02/04 09:40:03.000,,,,,1.0,2.0
MMS,2021,1,2021/02/04 09:40:04.000,,,,,3.0,308.0
MMS,2021,1,2021/02/04 09:40:04.301,0.009,-0.111,,,,
MMS,2021,1,2021/02/04 09:40:04.853,0.009,-0.667,,,,
MMS,2021,1,2021/02/04 09:40:09.000,,,,,6.0,219.0
MMS,2021,1,2021/02/04 09:40:09.767,0.016,0.5,,,,
MMS,2021,1,2021/02/04 09:40:09.823,0.009,-0.667,,,,
MMS,2021,1,2021/02/04 09:40:09.823,0.011,0.0,,,,
MMS,2021,1,2021/02/04 09:40:09.824,0.016,0.5,,,,
MMS,2021,1,2021/02/04 09:40:09.824,0.186,0.333,,,,
MMS,2021,1,2021/02/04 09:40:09.873,0.186,0.0,,,,
MMS,2021,1,2021/02/04 09:40:09.973,0.48,0.333,,,,
MMS,2021,1,2021/02/04 09:40:09.985,0.021,0.0,,,,
MMS,2021,1,2021/02/04 09:40:09.992,0.015,0.333,,,,
MMS,2021,1,2021/02/04 09:40:10.998,0.015,0.5,,,,
MMS,2021,1,2021/02/04 09:40:13.095,0.008,-0.667,,,,
MMS,2021,1,2021/02/04 09:40:20.000,,,,,1.0,100.0
MMS,2021,1,2021/02/04 09:40:20.458,0.015,0.5,,,,
MMS,2021,1,2021/02/04 09:40:22.195,0.015,0.6,,,,
MMS,2021,1,2021/02/04 09:40:22.518,0.008,-0.667,,,,
MMS,2021,1,2021/02/04 09:40:27.000,,,,,1.0,13.0
MMS,2021,1,2021/02/04 09:40:32.000,,,,,1.0,5.0
MMS,2021,1,2021/02/04 09:40:34.000,,,,,17.0,1456.0
MMS,2021,1,2021/02/04 09:40:34.607,0.008,-0.333,,,,
MMS,2021,1,2021/02/04 09:40:34.607,0.015,0.5,,,,
MMS,2021,1,2021/02/04 09:40:34.607,0.306,0.0,,,,
MMS,2021,1,2021/02/04 09:40:34.608,0.012,-0.5,,,,
MMS,2021,1,2021/02/04 09:40:34.608,0.011,0.0,,,,
MMS,2021,1,2021/02/04 09:40:34.608,0.011,0.333,,,,
MMS,2021,1,2021/02/04 09:40:34.608,0.303,0.0,,,,
MMS,2021,1,2021/02/04 09:40:34.608,0.303,0.333,,,,
MMS,2021,1,2021/02/04 09:40:34.608,0.303,0.0,,,,
MMS,2021,1,2021/02/04 09:40:34.608,0.303,-0.2,,,,
MMS,2021,1,2021/02/04 09:40:34.608,0.003,0.2,,,,
MMS,2021,1,2021/02/04 09:40:34.608,0.009,-0.333,,,,
MMS,2021,1,2021/02/04 09:40:34.608,0.303,0.333,,,,
MMS,2021,1,2021/02/04 09:40:34.608,0.002,0.5,,,,
MMS,2021,1,2021/02/04 09:40:34.608,0.002,0.0,,,,
MMS,2021,1,2021/02/04 09:40:34.608,0.008,0.0,,,,
MMS,2021,1,2021/02/04 09:40:34.609,2.0,-1.0,,,,
MMS,2021,1,2021/02/04 09:40:34.609,,,,,,
MMS,2021,1,2021/02/04 09:40:34.609,2.0,-1.0,,,,
MMS,2021,1,2021/02/04 09:40:34.639,,,,,,
MMS,2021,1,2021/02/04 09:40:34.758,0.48,0.333,,,,
MMS,2021,1,2021/02/04 09:40:38.000,,,,,1.0,20.0
MMS,2021,1,2021/02/04 09:40:57.000,,,,,1.0,6.0
MMS,2021,1,2021/02/04 09:41:00.000,,,20.0,0.471,,
MMS,2021,1,2021/02/04 09:41:03.000,,,,,2.0,17.0
MMS,2021,1,2021/02/04 09:41:04.000,,,,,1.0,3.0
MMS,2021,1,2021/02/04 09:41:11.000,,,,,1.0,11.0
MMS,2021,1,2021/02/04 09:41:13.707,0.017,0.333,,,,
MMS,2021,1,2021/02/04 09:41:15.953,0.018,0.333,,,,
MMS,2021,1,2021/02/04 09:41:15.955,0.018,0.2,,,,
MMS,2021,1,2021/02/04 09:41:17.874,0.016,0.333,,,,
MMS,2021,1,2021/02/04 09:41:18.625,0.018,0.5,,,,
MMS,2021,1,2021/02/04 09:41:18.831,0.022,0.333,,,,
MMS,2021,1,2021/02/04 09:41:23.114,0.018,0.333,,,,
MMS,2021,1,2021/02/04 09:41:23.116,0.018,0.0,,,,
MMS,2021,1,2021/02/04 09:41:23.121,0.018,0.333,,,,
MMS,2021,1,2021/02/04 09:41:29.838,0.014,0.714,,,,
MMS,2021,1,2021/02/04 09:41:32.400,0.014,0.714,,,,
MMS,2021,1,2021/02/04 09:41:32.402,0.014,0.5,,,,
MMS,2021,2,2021/05/06 09:28:00.000,,,3.0,16.519,,
MMS,2021,2,2021/05/06 09:28:01.727,0.617,0.0,,,,
MMS,2021,2,2021/05/06 09:28:02.727,0.505,0.0,,,,
MMS,2021,2,2021/05/06 09:28:46.059,0.281,0.0,,,,
MMS,2021,2,2021/05/06 09:29:00.000,,,1.0,,,
MMS,2021,2,2021/05/06 09:29:51.111,0.286,0.0,,,,
MMS,2021,2,2021/05/06 09:30:00.000,,,9.0,46.734,2.0,8362.0
MMS,2021,2,2021/05/06 09:30:00.064,0.281,0.0,,,,
MMS,2021,2,2021/05/06 09:30:00.102,0.305,0.0,,,,
MMS,2021,2,2021/05/06 09:30:00.921,0.141,0.0,,,,
MMS,2021,2,2021/05/06 09:30:00.922,0.097,0.0,,,,
MMS,2021,2,2021/05/06 09:30:00.978,0.078,0.0,,,,
MMS,2021,2,2021/05/06 09:30:02.000,,,,,3.0,37.0
MMS,2021,2,2021/05/06 09:30:03.000,,,,,2.0,250.0
MMS,2021,2,2021/05/06 09:30:04.000,,,,,1.0,150.0
MMS,2021,2,2021/05/06 09:30:05.000,,,,,1.0,140.0
MMS,2021,2,2021/05/06 09:30:07.000,,,,,3.0,102.0
MMS,2021,2,2021/05/06 09:30:10.000,,,,,3.0,183.0
MMS,2021,2,2021/05/06 09:30:12.000,,,,,1.0,10.0
MMS,2021,2,2021/05/06 09:30:20.885,0.033,0.5,,,,
MMS,2021,2,2021/05/06 09:30:20.892,0.038,-0.333,,,,
MMS,2021,2,2021/05/06 09:30:21.000,,,,,3.0,304.0
MMS,2021,2,2021/05/06 09:30:21.642,,,,,,
MMS,2021,2,2021/05/06 09:30:30.247,0.018,0.714,,,,
MMS,2021,2,2021/05/06 09:30:33.000,,,,,1.0,200.0
MMS,2021,2,2021/05/06 09:31:00.000,,,1.0,,,
MMS,2021,2,2021/05/06 09:31:18.556,0.018,0.714,,,,
MMS,2021,2,2021/05/06 09:32:11.000,,,,,2.0,2.0
MMS,2021,2,2021/05/06 09:33:00.000,,,10.0,0.68,,
MMS,2021,2,2021/05/06 09:33:35.000,,,,,19.0,1384.0
MMS,2021,2,2021/05/06 09:33:35.697,0.025,0.333,,,,
MMS,2021,2,2021/05/06 09:33:35.697,0.015,0.333,,,,
MMS,2021,2,2021/05/06 09:33:35.697,0.019,0.333,,,,
MMS,2021,2,2021/05/06 09:33:35.697,0.023,0.0,,,,
MMS,2021,2,2021/05/06 09:33:35.697,0.023,0.333,,,,
MMS,2021,2,2021/05/06 09:33:35.697,0.02,0.333,,,,
MMS,2021,2,2021/05/06 09:33:35.697,0.026,0.333,,,,
MMS,2021,2,2021/05/06 09:33:35.697,0.027,0.0,,,,
MMS,2021,2,2021/05/06 09:33:35.698,0.129,-0.333,,,,
MMS,2021,2,2021/05/06 09:33:47.000,,,,,1.0,6.0
MMS,2021,2,2021/05/06 09:33:47.519,0.017,0.6,,,,
MMS,2021,2,2021/05/06 09:34:00.000,,,4.0,0.018,,
MMS,2021,2,2021/05/06 09:34:45.031,0.018,0.0,,,,
MMS,2021,2,2021/05/06 09:34:45.624,0.018,0.0,,,,
MMS,2021,2,2021/05/06 09:34:46.619,0.018,0.0,,,,
MMS,2021,2,2021/05/06 09:34:49.459,0.017,0.0,,,,
MMS,2021,2,2021/05/06 09:35:00.000,,,18.0,32.289,,
MMS,2021,2,2021/05/06 09:35:00.323,,,,,,
MMS,2021,2,2021/05/06 09:35:01.000,,,,,1.0,100.0
MMS,2021,2,2021/05/06 09:35:02.000,,,,,10.0,613.0
MMS,2021,2,2021/05/06 09:35:02.918,0.01,0.0,,,,
MMS,2021,2,2021/05/06 09:35:02.919,0.014,0.0,,,,
MMS,2021,2,2021/05/06 09:35:02.919,0.23,0.0,,,,
MMS,2021,2,2021/05/06 09:35:02.921,0.016,0.333,,,,
MMS,2021,2,2021/05/06 09:35:02.947,0.013,0.0,,,,
MMS,2021,2,2021/05/06 09:35:02.968,0.233,0.0,,,,
MMS,2021,2,2021/05/06 09:35:03.000,,,,,1.0,90.0
MMS,2021,2,2021/05/06 09:35:03.068,0.504,0.333,,,,
MMS,2021,2,2021/05/06 09:35:03.111,0.018,0.0,,,,
MMS,2021,2,2021/05/06 09:35:04.013,0.017,0.0,,,,
MMS,2021,2,2021/05/06 09:35:13.079,0.016,0.0,,,,
MMS,2021,2,2021/05/06 09:35:15.000,,,,,2.0,3.0
MMS,2021,2,2021/05/06 09:35:15.539,0.012,0.0,,,,
MMS,2021,2,2021/05/06 09:35:15.539,0.012,0.333,,,,
MMS,2021,2,2021/05/06 09:35:15.543,0.012,0.0,,,,
MMS,2021,2,2021/05/06 09:35:15.543,0.012,0.333,,,,
MMS,2021,2,2021/05/06 09:35:17.975,0.009,0.0,,,,
MMS,2021,2,2021/05/06 09:35:24.000,,,,,1.0,1.0
MMS,2021,2,2021/05/06 09:35:24.754,0.009,0.0,,,,
MMS,2021,2,2021/05/06 09:35:24.758,0.009,0.0,,,,
MMS,2021,2,2021/05/06 09:36:00.000,,,9.0,56.47,,
MMS,2021,2,2021/05/06 09:36:08.000,,,,,1.0,100.0
MMS,2021,2,2021/05/06 09:36:36.023,0.009,0.333,,,,
MMS,2021,2,2021/05/06 09:36:36.024,2.0,-1.0,,,,
MMS,2021,2,2021/05/06 09:36:36.025,0.009,0.0,,,,
MMS,2021,2,2021/05/06 09:36:36.027,,,,,,
MMS,2021,2,2021/05/06 09:36:36.030,0.009,0.333,,,,
MMS,2021,2,2021/05/06 09:36:36.030,2.0,-1.0,,,,
MMS,2021,2,2021/05/06 09:36:38.395,0.013,0.333,,,,
MMS,2021,2,2021/05/06 09:36:39.006,0.01,0.333,,,,
MMS,2021,2,2021/05/06 09:36:46.000,,,,,1.0,6.0
MMS,2021,2,2021/05/06 09:36:50.502,0.009,0.333,,,,
MMS,2021,2,2021/05/06 09:38:00.000,,,3.0,0.048,,
MMS,2021,2,2021/05/06 09:38:03.552,0.009,0.333,,,,
MMS,2021,2,2021/05/06 09:38:03.552,0.009,0.0,,,,
MMS,2021,2,2021/05/06 09:38:19.000,,,,,3.0,10.0
MMS,2021,2,2021/05/06 09:38:49.000,,,,,1.0,1.0
MMS,2021,2,2021/05/06 09:38:51.673,0.01,0.333,,,,
MMS,2021,2,2021/05/06 09:39:00.000,,,8.0,0.202,,
MMS,2021,2,2021/05/06 09:39:09.000,,,,,1.0,20.0
MMS,2021,2,2021/05/06 09:39:10.000,,,,,1.0,1.0
MMS,2021,2,2021/05/06 09:39:11.000,,,,,1.0,12.0
MMS,2021,2,2021/05/06 09:39:13.000,,,,,2.0,200.0
MMS,2021,2,2021/05/06 09:39:13.079,0.009,0.333,,,,
MMS,2021,2,2021/05/06 09:39:13.079,0.009,0.333,,,,
MMS,2021,2,2021/05/06 09:39:13.081,0.009,0.0,,,,
MMS,2021,2,2021/05/06 09:39:13.081,0.009,0.333,,,,
MMS,2021,2,2021/05/06 09:39:13.081,0.009,0.0,,,,
MMS,2021,2,2021/05/06 09:39:13.081,0.017,0.333,,,,
MMS,2021,2,2021/05/06 09:39:13.081,0.017,0.0,,,,
MMS,2021,2,2021/05/06 09:39:13.081,0.011,-0.333,,,,
MMS,2021,2,2021/05/06 09:39:13.082,0.016,0.0,,,,
MMS,2021,2,2021/05/06 09:39:30.892,0.027,0.0,,,,
MMS,2021,2,2021/05/06 09:39:35.000,,,,,1.0,38.0
MMS,2021,2,2021/05/06 09:40:00.000,,,22.0,13.433,,
MMS,2021,2,2021/05/06 09:40:00.787,0.009,0.0,,,,
MMS,2021,2,2021/05/06 09:40:16.000,,,,,1.0,3.0
MMS,2021,2,2021/05/06 09:40:21.401,0.011,0.0,,,,
MMS,2021,2,2021/05/06 09:40:48.000,,,,,1.0,1.0
MMS,2021,2,2021/05/06 09:40:48.077,0.016,0.714,,,,
MMS,2021,2,2021/05/06 09:40:48.077,0.016,0.5,,,,
MMS,2021,2,2021/05/06 09:40:51.000,,,,,29.0,1969.0
MMS,2021,2,2021/05/06 09:40:51.630,0.016,0.714,,,,
MMS,2021,2,2021/05/06 09:40:51.630,0.016,0.5,,,,
MMS,2021,2,2021/05/06 09:40:51.633,0.016,0.0,,,,
MMS,2021,2,2021/05/06 09:40:51.796,0.01,-0.333,,,,
MMS,2021,2,2021/05/06 09:40:51.796,0.016,0.5,,,,
MMS,2021,2,2021/05/06 09:40:51.796,0.008,-0.333,,,,
MMS,2021,2,2021/05/06 09:40:51.797,0.008,-0.5,,,,
MMS,2021,2,2021/05/06 09:40:51.797,0.008,0.714,,,,
MMS,2021,2,2021/05/06 09:40:51.797,0.016,-0.5,,,,
MMS,2021,2,2021/05/06 09:40:51.797,0.016,0.714,,,,
MMS,2021,2,2021/05/06 09:40:51.797,0.008,0.0,,,,
MMS,2021,2,2021/05/06 09:40:51.797,-2.0,1.0,,,,
MMS,2021,2,2021/05/06 09:40:51.797,-2.0,0.333,,,,
MMS,2021,2,2021/05/06 09:40:51.797,0.29,1.0,,,,
MMS,2021,2,2021/05/06 09:40:51.797,0.29,0.333,,,,
MMS,2021,2,2021/05/06 09:40:51.797,0.504,0.333,,,,
MMS,2021,2,2021/05/06 09:40:51.797,0.022,0.0,,,,
MMS,2021,2,2021/05/06 09:40:51.797,0.009,0.0,,,,
MMS,2021,2,2021/05/06 09:40:51.797,0.009,0.0,,,,
MMS,2021,2,2021/05/06 09:40:51.797,0.23,0.0,,,,
MMS,2021,2,2021/05/06 09:40:51.797,0.008,0.0,,,,
MMS,2021,2,2021/05/06 09:40:51.947,0.504,0.333,,,,
MMS,2021,2,2021/05/06 09:40:58.000,,,,,1.0,1.0
MMS,2021,2,2021/05/06 09:41:00.000,,,25.0,36.659,,
MMS,2021,2,2021/05/06 09:41:09.698,0.008,0.5,,,,
MMS,2021,2,2021/05/06 09:41:09.698,0.008,0.6,,,,
MMS,2021,2,2021/05/06 09:41:13.484,0.008,0.5,,,,
MMS,2021,2,2021/05/06 09:41:28.000,,,,,1.0,55.0
MMS,2021,2,2021/05/06 09:41:42.854,0.007,0.333,,,,
MMS,2021,2,2021/05/06 09:41:42.854,0.007,0.5,,,,
MMS,2021,2,2021/05/06 09:41:42.911,0.012,0.333,,,,
MMS,2021,2,2021/05/06 09:41:42.925,0.007,0.6,,,,
MMS,2021,2,2021/05/06 09:41:46.000,,,,,11.0,270.0
MMS,2021,2,2021/05/06 09:41:46.615,0.007,0.714,,,,
MMS,2021,2,2021/05/06 09:41:46.615,0.007,0.714,,,,
MMS,2021,2,2021/05/06 09:41:46.616,0.005,0.333,,,,
MMS,2021,2,2021/05/06 09:41:46.617,0.008,0.0,,,,
MMS,2021,2,2021/05/06 09:41:46.617,2.0,-1.0,,,,
MMS,2021,2,2021/05/06 09:41:46.617,,,,,,
MMS,2021,2,2021/05/06 09:41:46.623,0.007,0.0,,,,
MMS,2021,2,2021/05/06 09:41:46.665,0.289,0.333,,,,
MMS,2021,2,2021/05/06 09:41:46.766,,,,,,
MMS,2021,2,2021/05/06 09:41:47.117,0.012,0.0,,,,
MMS,2021,2,2021/05/06 09:41:48.574,0.007,0.0,,,,
MMS,2021,2,2021/05/06 09:41:49.374,2.0,-1.0,,,,
MMS,2021,2,2021/05/06 09:41:49.874,0.007,0.0,,,,
MMS,2021,2,2021/05/06 09:41:50.384,0.007,0.0,,,,
MMS,2021,2,2021/05/06 09:41:50.384,0.007,0.0,,,,
MMS,2021,2,2021/05/06 09:41:50.385,0.007,0.0,,,,
MMS,2021,2,2021/05/06 09:41:52.935,0.007,0.333,,,,
MMS,2021,2,2021/05/06 09:41:54.051,0.015,0.333,,,,
MMS,2021,2,2021/05/06 09:42:00.000,,,5.0,0.139,,
MMS,2021,2,2021/05/06 09:42:00.004,0.013,0.333,,,,
MMS,2021,2,2021/05/06 09:42:04.000,,,,,1.0,100.0
MMS,2021,2,2021/05/06 09:42:06.000,,,,,1.0,100.0
MMS,2021,2,2021/05/06 09:42:06.825,0.01,0.333,,,,
MMS,2021,2,2021/05/06 09:42:06.825,0.007,0.0,,,,
MMS,2021,2,2021/05/06 09:42:06.827,0.007,0.0,,,,
MMS,2021,2,2021/05/06 09:42:11.260,0.011,0.333,,,,
MMS,2021,2,2021/05/06 09:42:39.000,,,,,1.0,1.0
MMS,2021,2,2021/05/06 09:42:50.000,,,,,1.0,33.0
MMS,2021,2,2021/05/06 09:42:51.000,,,,,1.0,100.0
MMS,2021,2,2021/05/06 09:43:00.000,,,2.0,0.124,,
MMS,2021,2,2021/05/06 09:43:02.748,0.007,0.0,,,,
MMS,2021,2,2021/05/06 09:43:38.000,,,,,1.0,1.0
MMS,2021,2,2021/05/06 09:43:55.116,0.007,0.0,,,,
MMS,2021,2,2021/05/06 09:43:57.000,,,,,1.0,100.0
MMS,2021,2,2021/05/06 09:44:00.000,,,22.0,16.402,,
MMS,2021,2,2021/05/06 09:44:00.985,0.004,0.0,,,,
MMS,2021,2,2021/05/06 09:44:03.000,,,,,9.0,511.0
MMS,2021,2,2021/05/06 09:44:03.988,0.008,0.0,,,,
MMS,2021,2,2021/05/06 09:44:03.988,0.019,0.333,,,,
MMS,2021,2,2021/05/06 09:44:03.989,0.004,0.0,,,,
MMS,2021,2,2021/05/06 09:44:03.989,0.008,0.0,,,,
MMS,2021,2,2021/05/06 09:44:03.989,0.008,0.0,,,,
MMS,2021,2,2021/05/06 09:44:03.989,0.008,0.0,,,,
MMS,2021,2,2021/05/06 09:44:03.989,0.01,0.0,,,,
MMS,2021,2,2021/05/06 09:44:03.989,0.008,0.0,,,,
MMS,2021,2,2021/05/06 09:44:03.989,0.008,0.0,,,,
MMS,2021,2,2021/05/06 09:44:03.990,0.229,0.333,,,,
MMS,2021,2,2021/05/06 09:44:03.992,-2.0,1.0,,,,
MMS,2021,2,2021/05/06 09:44:03.994,0.007,0.0,,,,
MMS,2021,2,2021/05/06 09:44:03.997,0.008,0.0,,,,
MMS,2021,2,2021/05/06 09:44:03.998,0.01,0.0,,,,
MMS,2021,2,2021/05/06 09:44:04.000,,,,,2.0,100.0
MMS,2021,2,2021/05/06 09:44:08.642,0.015,0.333,,,,
MMS,2021,2,2021/05/06 09:44:09.832,0.007,0.333,,,,
MMS,2021,2,2021/05/06 09:44:10.797,0.007,0.0,,,,
MMS,2021,2,2021/05/06 09:44:15.000,,,,,1.0,100.0
MMS,2021,2,2021/05/06 09:44:23.000,,,,,2.0,100.0
MMS,2021,2,2021/05/06 09:44:30.000,,,,,2.0,100.0
MMS,2021,2,2021/05/06 09:44:41.116,0.007,0.0,,,,
MMS,2021,2,2021/05/06 09:44:43.231,0.015,0.333,,,,
MMS,2021,2,2021/05/06 09:44:50.000,,,,,2.0,11.0
MMS,2021,2,2021/05/06 09:44:50.212,0.015,-0.333,,,,
MMS,2021,2,2021/05/06 09:44:50.335,0.007,-0.333,,,,
MMS,2021,2,2021/05/06 09:44:56.000,,,,,1.0,95.0
MMS,2021,2,2021/05/06 09:45:00.000,,,5.0,32.654,,
MMS,2021,2,2021/05/06 09:45:01.000,,,,,2.0,2.0
MMS,2021,2,2021/05/06 09:45:01.056,0.015,0.333,,,,
MMS,2021,2,2021/05/06 09:45:28.071,-2.0,1.0,,,,
MMS,2021,2,2021/05/06 09:45:29.822,0.007,-0.333,,,,
MMS,2021,2,2021/05/06 09:45:29.823,0.015,-0.333,,,,
MMS,2021,2,2021/05/06 09:45:32.841,0.007,-0.333,,,,
MMS,2021,2,2021/05/06 09:45:36.000,,,,,7.0,66.0
MMS,2021,2,2021/05/06 09:45:44.000,,,,,1.0,100.0
MMS,2021,2,2021/05/06 09:46:00.000,,,2.0,65.383,,
MMS,2021,2,2021/05/06 09:46:17.000,,,,,1.0,1.0
MMS,2021,2,2021/05/06 09:46:25.519,0.007,-0.333,,,,
MMS,2021,2,2021/05/06 09:46:36.000,,,,,1.0,28.0
MMS,2021,2,2021/05/06 09:46:37.000,,,,,1.0,12.0
MMS,2021,2,2021/05/06 09:46:40.000,,,,,1.0,9.0
MMS,2021,2,2021/05/06 09:46:40.261,,,,,,
MMS,2021,2,2021/05/06 09:47:00.000,,,7.0,34.973,,
MMS,2021,2,2021/05/06 09:47:00.203,0.007,-0.333,,,,
MMS,2021,2,2021/05/06 09:47:02.264,0.007,-0.333,,,,
MMS,2021,2,2021/05/06 09:47:15.345,0.015,-0.333,,,,
MMS,2021,2,2021/05/06 09:47:16.492,0.008,-0.333,,,,
MMS,2021,2,2021/05/06 09:47:16.492,0.008,0.0,,,,
MMS,2021,2,2021/05/06 09:47:16.492,0.008,-0.333,,,,
MMS,2021,2,2021/05/06 09:47:25.259,0.013,0.0,,,,
MMS,2021,2,2021/05/06 09:47:41.000,,,,,1.0,1.0
MMS,2021,2,2021/05/06 09:47:45.000,,,,,1.0,10.0
MMS,2021,2,2021/05/06 09:48:00.000,,,34.0,34.236,17.0,1488.0
MMS,2021,2,2021/05/06 09:48:00.459,0.007,-0.333,,,,
MMS,2021,2,2021/05/06 09:48:00.461,0.022,0.0,,,,
MMS,2021,2,2021/05/06 09:48:00.461,0.014,0.0,,,,
MMS,2021,2,2021/05/06 09:48:00.461,0.014,0.333,,,,
MMS,2021,2,2021/05/06 09:48:00.461,0.014,0.5,,,,
MMS,2021,2,2021/05/06 09:48:00.461,0.007,0.0,,,,
MMS,2021,2,2021/05/06 09:48:00.461,0.013,0.0,,,,
MMS,2021,2,2021/05/06 09:48:00.461,0.013,0.333,,,,
MMS,2021,2,2021/05/06 09:48:00.461,0.021,0.0,,,,
MMS,2021,2,2021/05/06 09:48:00.461,-2.0,1.0,,,,
MMS,2021,2,2021/05/06 09:48:00.461,0.009,0.333,,,,
MMS,2021,2,2021/05/06 09:48:00.467,0.013,-0.333,,,,
MMS,2021,2,2021/05/06 09:48:00.467,0.019,0.0,,,,
MMS,2021,2,2021/05/06 09:48:00.491,,,,,,
MMS,2021,2,2021/05/06 09:48:00.492,-2.0,1.0,,,,
MMS,2021,2,2021/05/06 09:48:01.000,,,,,1.0,2.0
MMS,2021,2,2021/05/06 09:48:01.474,2.0,-1.0,,,,
MMS,2021,2,2021/05/06 09:48:01.578,,,,,,
MMS,2021,2,2021/05/06 09:48:02.000,,,,,3.0,102.0
MMS,2021,2,2021/05/06 09:48:02.822,-2.0,1.0,,,,
MMS,2021,2,2021/05/06 09:48:04.574,2.0,-1.0,,,,
MMS,2021,2,2021/05/06 09:48:04.580,0.012,0.333,,,,
MMS,2021,2,2021/05/06 09:48:04.729,0.012,-0.6,,,,
MMS,2021,2,2021/05/06 09:48:04.874,2.0,-1.0,,,,
MMS,2021,2,2021/05/06 09:48:05.374,2.0,-1.0,,,,
MMS,2021,2,2021/05/06 09:48:11.761,,,,,,
MMS,2021,2,2021/05/06 09:48:12.075,0.009,0.0,,,,
MMS,2021,2,2021/05/06 09:48:12.474,2.0,-1.0,,,,
MMS,2021,2,2021/05/06 09:48:16.000,,,,,1.0,2.0
MMS,2021,2,2021/05/06 09:48:16.703,0.006,0.0,,,,
MMS,2021,2,2021/05/06 09:48:16.708,0.012,0.2,,,,
MMS,2021,2,2021/05/06 09:48:18.857,0.012,0.0,,,,
MMS,2021,2,2021/05/06 09:48:19.983,0.013,-0.333,,,,
MMS,2021,2,2021/05/06 09:48:32.587,0.01,-0.333,,,,
MMS,2021,2,2021/05/06 09:48:49.092,0.012,-0.333,,,,
MMS,2021,2,2021/05/06 09:48:49.092,0.012,0.0,,,,
MMS,2021,2,2021/05/06 09:48:51.534,0.012,-0.333,,,,
MMS,2021,2,2021/05/06 09:48:56.000,,,,,1.0,1.0
MMS,2021,2,2021/05/06 09:48:59.000,,,,,1.0,20.0
MMS,2021,2,2021/05/06 09:49:00.000,,,5.0,0.037,,
MMS,2021,2,2021/05/06 09:49:00.995,0.01,0.0,,,,
MMS,2021,2,2021/05/06 09:49:03.903,0.01,-0.333,,,,
MMS,2021,2,2021/05/06 09:49:04.806,0.01,0.0,,,,
MMS,2021,2,2021/05/06 09:49:05.654,0.009,-0.333,,,,
MMS,2021,2,2021/05/06 09:49:45.000,,,,,1.0,53.0
MMS,2021,2,2021/05/06 09:49:54.036,0.012,0.0,,,,
MMS,2021,2,2021/05/06 09:50:00.000,,,15.0,4.338,,
MMS,2021,2,2021/05/06 09:50:05.000,,,,,1.0,1.0
MMS,2021,2,2021/05/06 09:50:05.911,0.006,0.0,,,,
MMS,2021,2,2021/05/06 09:50:05.911,0.014,0.0,,,,
MMS,2021,2,2021/05/06 09:50:05.911,0.006,0.333,,,,
MMS,2021,2,2021/05/06 09:50:05.912,0.009,0.333,,,,
MMS,2021,2,2021/05/06 09:50:06.372,0.006,0.0,,,,
MMS,2021,2,2021/05/06 09:50:06.661,0.014,0.0,,,,
MMS,2021,2,2021/05/06 09:50:10.000,,,,,2.0,100.0
MMS,2021,2,2021/05/06 09:50:10.899,0.006,0.0,,,,
MMS,2021,2,2021/05/06 09:50:32.286,0.012,0.0,,,,
MMS,2021,2,2021/05/06 09:50:34.000,,,,,5.0,160.0
MMS,2021,2,2021/05/06 09:50:34.000,0.228,0.0,,,,
MMS,2021,2,2021/05/06 09:50:34.001,0.228,0.333,,,,
MMS,2021,2,2021/05/06 09:50:34.001,0.228,0.5,,,,
MMS,2021,2,2021/05/06 09:50:34.001,0.228,0.333,,,,
MMS,2021,2,2021/05/06 09:50:34.001,0.228,0.5,,,,
MMS,2021,2,2021/05/06 09:50:34.002,0.228,0.333,,,,
MMS,2021,2,2021/05/06 09:50:34.051,0.228,0.0,,,,
MMS,2021,2,2021/05/06 09:50:34.151,0.504,0.333,,,,
MMS,2021,2,2021/05/06 09:50:36.000,,,,,1.0,65.0
MMS,2021,2,2021/05/06 09:50:37.157,0.006,0.0,,,,
MMS,2021,2,2021/05/06 09:50:55.000,,,,,1.0,100.0
MMS,2021,2,2021/05/06 09:51:00.000,,,28.0,40.039,4.0,500.0
MMS,2021,2,2021/05/06 09:51:00.947,0.011,0.0,,,,
MMS,2021,2,2021/05/06 09:51:00.947,0.012,0.0,,,,
MMS,2021,2,2021/05/06 09:51:00.947,0.008,-0.333,,,,
MMS,2021,2,2021/05/06 09:51:00.947,0.011,-0.333,,,,
MMS,2021,2,2021/05/06 09:51:00.947,-2.0,1.0,,,,
MMS,2021,2,2021/05/06 09:51:00.948,0.008,0.0,,,,
MMS,2021,2,2021/05/06 09:51:00.948,-2.0,1.0,,,,
MMS,2021,2,2021/05/06 09:51:00.948,-2.0,1.0,,,,
MMS,2021,2,2021/05/06 09:51:00.948,-2.0,1.0,,,,
MMS,2021,2,2021/05/06 09:51:00.948,,,,,,
MMS,2021,2,2021/05/06 09:51:00.952,0.011,-0.333,,,,
MMS,2021,2,2021/05/06 09:51:00.952,-2.0,1.0,,,,
MMS,2021,2,2021/05/06 09:51:00.952,0.009,0.0,,,,
MMS,2021,2,2021/05/06 09:51:02.965,-2.0,1.0,,,,
MMS,2021,2,2021/05/06 09:51:06.624,0.012,-0.333,,,,
MMS,2021,2,2021/05/06 09:51:06.624,-2.0,1.0,,,,
MMS,2021,2,2021/05/06 09:51:06.624,0.01,0.0,,,,
MMS,2021,2,2021/05/06 09:51:36.000,,,,,1.0,1.0
MMS,2021,2,2021/05/06 09:51:42.004,0.011,0.0,,,,
MMS,2021,2,2021/05/06 09:51:43.000,,,,,3.0,6.0
MMS,2021,2,2021/05/06 09:51:43.001,0.011,0.0,,,,
MMS,2021,2,2021/05/06 09:51:43.002,-2.0,1.0,,,,
MMS,2021,2,2021/05/06 09:51:43.003,0.01,0.0,,,,
MMS,2021,2,2021/05/06 09:51:43.089,-2.0,1.0,,,,
MMS,2021,2,2021/05/06 09:51:43.324,0.011,0.0,,,,
MMS,2021,2,2021/05/06 09:51:44.002,0.011,-0.333,,,,
MMS,2021,2,2021/05/06 09:51:44.002,-2.0,1.0,,,,
MMS,2021,2,2021/05/06 09:51:44.003,0.01,0.0,,,,
MMS,2021,2,2021/05/06 09:51:44.008,0.01,0.0,,,,
MMS,2021,2,2021/05/06 09:51:44.019,0.01,0.0,,,,
MMS,2021,3,2021/08/05 09:00:00.000,,,4.0,40.997,,
MMS,2021,3,2021/08/05 09:00:37.225,-2.0,1.0,,,,
MMS,2021,3,2021/08/05 09:00:37.226,0.292,0.0,,,,
MMS,2021,3,2021/08/05 09:00:37.226,0.339,0.0,,,,
MMS,2021,3,2021/08/05 09:00:37.226,2.0,-1.0,,,,
MMS,2021,3,2021/08/05 09:05:00.000,,,1.0,,,
MMS,2021,3,2021/08/05 09:05:04.792,0.373,0.0,,,,
MMS,2021,3,2021/08/05 09:10:00.000,,,1.0,,,
MMS,2021,3,2021/08/05 09:10:04.792,0.418,0.0,,,,
MMS,2021,3,2021/08/05 09:27:00.000,,,4.0,2.729,,
MMS,2021,3,2021/08/05 09:27:50.066,0.395,0.0,,,,
MMS,2021,3,2021/08/05 09:27:50.067,0.362,0.6,,,,
MMS,2021,3,2021/08/05 09:27:50.068,0.357,0.0,,,,
MMS,2021,3,2021/08/05 09:27:50.068,0.362,0.6,,,,
MMS,2021,3,2021/08/05 09:28:00.000,,,1.0,,,
MMS,2021,3,2021/08/05 09:28:00.022,0.281,0.6,,,,
MMS,2021,3,2021/08/05 09:29:00.000,,,1.0,,,
MMS,2021,3,2021/08/05 09:29:58.000,,,,,1.0,1.0
MMS,2021,3,2021/08/05 09:29:58.078,0.074,0.0,,,,
MMS,2021,3,2021/08/05 09:30:00.000,,,8.0,0.698,3.0,3397.0
MMS,2021,3,2021/08/05 09:30:00.108,0.133,0.0,,,,
MMS,2021,3,2021/08/05 09:30:00.112,0.153,0.0,,,,
MMS,2021,3,2021/08/05 09:30:00.391,0.165,0.0,,,,
MMS,2021,3,2021/08/05 09:30:00.391,0.158,0.6,,,,
MMS,2021,3,2021/08/05 09:30:00.391,0.179,0.6,,,,
MMS,2021,3,2021/08/05 09:30:00.396,0.192,0.0,,,,
MMS,2021,3,2021/08/05 09:30:00.396,0.194,0.0,,,,
MMS,2021,3,2021/08/05 09:30:00.411,0.176,0.0,,,,
MMS,2021,3,2021/08/05 09:30:01.000,,,,,2.0,190.0
MMS,2021,3,2021/08/05 09:30:05.000,,,,,4.0,201.0
MMS,2021,3,2021/08/05 09:30:06.000,,,,,1.0,5.0
MMS,2021,3,2021/08/05 09:31:00.000,,,6.0,32.521,,
MMS,2021,3,2021/08/05 09:31:18.612,-2.0,1.0,,,,
MMS,2021,3,2021/08/05 09:31:20.115,-2.0,1.0,,,,
MMS,2021,3,2021/08/05 09:31:20.115,-2.0,1.0,,,,
MMS,2021,3,2021/08/05 09:31:54.244,0.014,0.333,,,,
MMS,2021,3,2021/08/05 09:31:54.245,-2.0,1.0,,,,
MMS,2021,3,2021/08/05 09:31:54.245,-2.0,1.0,,,,
MMS,2021,3,2021/08/05 09:32:00.000,,,2.0,60.924,,
MMS,2021,3,2021/08/05 09:32:10.258,0.014,0.333,,,,
MMS,2021,3,2021/08/05 09:32:10.259,-2.0,1.0,,,,
MMS,2021,3,2021/08/05 09:32:16.000,,,,,2.0,570.0
MMS,2021,3,2021/08/05 09:32:29.000,,,,,1.0,100.0
MMS,2021,3,2021/08/05 09:34:48.000,,,,,1.0,30.0
MMS,2021,3,2021/08/05 09:35:00.000,,,2.0,30.83,,
MMS,2021,3,2021/08/05 09:35:01.000,,,,,1.0,42.0
MMS,2021,3,2021/08/05 09:35:05.000,,,,,1.0,12.0
MMS,2021,3,2021/08/05 09:35:19.821,2.0,-1.0,,,,
MMS,2021,3,2021/08/05 09:35:20.121,,,,,,
MMS,2021,3,2021/08/05 09:36:00.000,,,9.0,41.714,,
MMS,2021,3,2021/08/05 09:36:14.000,,,,,29.0,1279.0
MMS,2021,3,2021/08/05 09:36:15.000,,,,,7.0,900.0
MMS,2021,3,2021/08/05 09:36:15.012,-2.0,1.0,,,,
MMS,2021,3,2021/08/05 09:36:16.221,,,,,,
MMS,2021,3,2021/08/05 09:36:18.000,,,,,1.0,33.0
MMS,2021,3,2021/08/05 09:36:26.000,,,,,1.0,100.0
MMS,2021,3,2021/08/05 09:36:27.000,,,,,5.0,300.0
MMS,2021,3,2021/08/05 09:36:27.365,2.0,-1.0,,,,
MMS,2021,3,2021/08/05 09:36:27.521,,,,,,
MMS,2021,3,2021/08/05 09:36:34.000,,,,,1.0,3.0
MMS,2021,3,2021/08/05 09:36:36.000,,,,,3.0,221.0
MMS,2021,3,2021/08/05 09:36:37.000,,,,,4.0,400.0
MMS,2021,3,2021/08/05 09:36:38.000,,,,,2.0,116.0
MMS,2021,3,2021/08/05 09:36:38.503,0.019,-0.333,,,,
MMS,2021,3,2021/08/05 09:36:40.000,,,,,1.0,1.0
MMS,2021,3,2021/08/05 09:36:40.218,0.013,0.0,,,,
MMS,2021,3,2021/08/05 09:36:48.506,0.019,-0.333,,,,
MMS,2021,3,2021/08/05 09:36:48.506,0.016,0.0,,,,
MMS,2021,3,2021/08/05 09:36:51.000,,,,,1.0,114.0
MMS,2021,3,2021/08/05 09:36:51.269,0.013,0.0,,,,
MMS,2021,3,2021/08/05 09:37:04.000,,,,,1.0,25.0
MMS,2021,3,2021/08/05 09:39:00.000,,,19.0,35.167,,
MMS,2021,3,2021/08/05 09:39:41.000,,,,,1.0,469.0
MMS,2021,3,2021/08/05 09:39:42.000,,,,,1.0,100.0
MMS,2021,3,2021/08/05 09:39:42.974,2.0,-1.0,,,,
MMS,2021,3,2021/08/05 09:39:46.058,2.0,-1.0,,,,
MMS,2021,3,2021/08/05 09:39:46.074,0.011,-0.846,,,,
MMS,2021,3,2021/08/05 09:39:50.000,,,,,25.0,1667.0
MMS,2021,3,2021/08/05 09:39:50.981,0.011,-0.846,,,,
MMS,2021,3,2021/08/05 09:39:50.981,0.012,-0.846,,,,
MMS,2021,3,2021/08/05 09:39:50.981,0.004,0.333,,,,
MMS,2021,3,2021/08/05 09:39:50.981,0.013,0.333,,,,
MMS,2021,3,2021/08/05 09:39:50.981,0.023,0.0,,,,
MMS,2021,3,2021/08/05 09:39:50.981,2.0,-1.0,,,,
MMS,2021,3,2021/08/05 09:39:50.981,2.0,,,,,
MMS,2021,3,2021/08/05 09:39:50.981,,-1.0,,,,
MMS,2021,3,2021/08/05 09:39:50.981,,,,,,
MMS,2021,3,2021/08/05 09:39:50.981,0.295,0.0,,,,
MMS,2021,3,2021/08/05 09:39:50.981,0.294,0.0,,,,
MMS,2021,3,2021/08/05 09:39:50.981,0.012,-0.846,,,,
MMS,2021,3,2021/08/05 09:39:51.000,,,,,1.0,100.0
MMS,2021,3,2021/08/05 09:39:51.008,0.296,-0.333,,,,
MMS,2021,3,2021/08/05 09:39:51.008,0.013,0.333,,,,
MMS,2021,3,2021/08/05 09:39:51.075,0.019,-0.714,,,,
MMS,2021,3,2021/08/05 09:39:51.075,0.019,0.333,,,,
MMS,2021,3,2021/08/05 09:39:51.995,,,,,,
MMS,2021,3,2021/08/05 09:39:51.995,2.0,-1.0,,,,
MMS,2021,3,2021/08/05 09:39:54.000,,,,,1.0,1400.0
MMS,2021,3,2021/08/05 09:40:00.000,,,25.0,33.391,,
MMS,2021,3,2021/08/05 09:40:00.976,0.013,0.0,,,,
MMS,2021,3,2021/08/05 09:40:00.976,0.013,0.333,,,,
MMS,2021,3,2021/08/05 09:40:01.000,,,,,1.0,100.0
MMS,2021,3,2021/08/05 09:40:05.001,0.013,0.0,,,,
MMS,2021,3,2021/08/05 09:40:06.582,0.013,0.333,,,,
MMS,2021,3,2021/08/05 09:40:09.027,0.013,0.0,,,,
MMS,2021,3,2021/08/05 09:40:09.028,0.016,0.0,,,,
MMS,2021,3,2021/08/05 09:40:09.029,2.0,-1.0,,,,
MMS,2021,3,2021/08/05 09:40:10.131,0.016,-0.333,,,,
MMS,2021,3,2021/08/05 09:40:24.000,,,,,1.0,100.0
MMS,2021,3,2021/08/05 09:40:25.000,,,,,1.0,100.0
MMS,2021,3,2021/08/05 09:40:32.000,,,,,11.0,688.0
MMS,2021,3,2021/08/05 09:40:32.968,0.054,-0.333,,,,
MMS,2021,3,2021/08/05 09:40:32.974,0.02,0.333,,,,
MMS,2021,3,2021/08/05 09:40:32.975,0.019,0.333,,,,
MMS,2021,3,2021/08/05 09:40:32.975,,,,,,
MMS,2021,3,2021/08/05 09:40:32.977,0.009,0.0,,,,
MMS,2021,3,2021/08/05 09:40:32.977,0.046,0.0,,,,
MMS,2021,3,2021/08/05 09:40:32.977,2.0,-1.0,,,,
MMS,2021,3,2021/08/05 09:40:32.980,0.006,-0.6,,,,
MMS,2021,3,2021/08/05 09:40:33.000,,,,,1.0,1.0
MMS,2021,3,2021/08/05 09:40:35.860,0.006,-0.667,,,,
MMS,2021,3,2021/08/05 09:40:38.000,,,,,2.0,201.0
MMS,2021,3,2021/08/05 09:40:38.329,0.011,0.333,,,,
MMS,2021,3,2021/08/05 09:40:38.329,0.013,0.333,,,,
MMS,2021,3,2021/08/05 09:40:38.329,0.013,-0.429,,,,
MMS,2021,3,2021/08/05 09:40:38.329,0.02,0.333,,,,
MMS,2021,3,2021/08/05 09:40:38.329,0.02,0.333,,,,
MMS,2021,3,2021/08/05 09:40:38.329,0.013,0.333,,,,
MMS,2021,3,2021/08/05 09:40:38.329,0.013,0.333,,,,
MMS,2021,3,2021/08/05 09:40:38.329,0.013,-0.429,,,,
MMS,2021,3,2021/08/05 09:40:38.329,2.0,-1.0,,,,
MMS,2021,3,2021/08/05 09:40:38.360,0.014,0.0,,,,
MMS,2021,3,2021/08/05 09:41:00.000,,,1.0,,,
MMS,2021,3,2021/08/05 09:41:53.744,0.012,0.333,,,,
MMS,2021,3,2021/08/05 09:41:58.000,,,,,1.0,10.0
MMS,2021,3,2021/08/05 09:42:00.000,,,3.0,0.21,,
MMS,2021,3,2021/08/05 09:42:02.000,,,,,1.0,2.0
MMS,2021,3,2021/08/05 09:42:33.637,0.011,0.0,,,,
MMS,2021,3,2021/08/05 09:42:33.639,0.011,0.333,,,,
MMS,2021,3,2021/08/05 09:42:33.639,0.018,0.0,,,,
MMS,2021,3,2021/08/05 09:43:00.000,,,,,1.0,7.0
MMS,2021,3,2021/08/05 09:43:08.000,,,,,1.0,2.0
MMS,2021,3,2021/08/05 09:43:38.000,,,,,2.0,104.0
MMS,2021,3,2021/08/05 09:43:41.000,,,,,1.0,7.0
MMS,2021,3,2021/08/05 09:43:42.000,,,,,1.0,27.0
MMS,2021,3,2021/08/05 09:44:00.000,,,4.0,34.279,,
MMS,2021,3,2021/08/05 09:44:09.000,,,,,1.0,7.0
MMS,2021,3,2021/08/05 09:44:30.000,,,,,1.0,3.0
MMS,2021,3,2021/08/05 09:44:30.426,2.0,-1.0,,,,
MMS,2021,3,2021/08/05 09:44:38.000,,,,,1.0,100.0
MMS,2021,3,2021/08/05 09:44:39.197,0.012,0.333,,,,
MMS,2021,3,2021/08/05 09:44:39.197,0.012,0.0,,,,
MMS,2021,3,2021/08/05 09:44:39.197,0.012,0.333,,,,
MMS,2021,3,2021/08/05 09:44:40.000,,,,,1.0,11.0
MMS,2021,3,2021/08/05 09:45:00.000,,,1.0,,,
MMS,2021,3,2021/08/05 09:45:33.000,,,,,3.0,128.0
MMS,2021,3,2021/08/05 09:45:33.315,0.018,0.692,,,,
MMS,2021,3,2021/08/05 09:45:39.000,,,,,1.0,1.0
MMS,2021,3,2021/08/05 09:46:00.000,,,2.0,0.877,,
MMS,2021,3,2021/08/05 09:46:03.863,0.01,0.333,,,,
MMS,2021,3,2021/08/05 09:46:21.000,,,,,1.0,25.0
MMS,2021,3,2021/08/05 09:46:22.000,,,,,3.0,112.0
MMS,2021,3,2021/08/05 09:46:22.746,0.018,0.667,,,,
MMS,2021,3,2021/08/05 09:46:23.000,,,,,1.0,67.0
MMS,2021,3,2021/08/05 09:47:31.000,,,,,1.0,100.0
MMS,2021,3,2021/08/05 09:47:54.000,,,,,1.0,12.0
MMS,2021,3,2021/08/05 09:47:56.000,,,,,1.0,25.0
MMS,2021,3,2021/08/05 09:48:00.000,,,51.0,34.025,1.0,26.0
MMS,2021,3,2021/08/05 09:48:42.000,,,,,2.0,11.0
MMS,2021,3,2021/08/05 09:48:42.133,0.014,0.0,,,,
MMS,2021,3,2021/08/05 09:48:42.133,0.013,0.0,,,,
MMS,2021,3,2021/08/05 09:48:42.134,0.007,0.333,,,,
MMS,2021,3,2021/08/05 09:48:42.134,0.009,0.333,,,,
MMS,2021,3,2021/08/05 09:48:42.134,2.0,-1.0,,,,
MMS,2021,3,2021/08/05 09:48:42.164,,,,,,
MMS,2021,3,2021/08/05 09:48:42.412,2.0,-1.0,,,,
MMS,2021,3,2021/08/05 09:48:46.797,0.012,0.0,,,,
MMS,2021,3,2021/08/05 09:48:47.000,,,,,48.0,2835.0
MMS,2021,3,2021/08/05 09:48:47.946,0.015,0.636,,,,
MMS,2021,3,2021/08/05 09:48:47.946,0.012,0.0,,,,
MMS,2021,3,2021/08/05 09:48:47.946,0.026,0.0,,,,
MMS,2021,3,2021/08/05 09:48:47.946,0.012,0.0,,,,
MMS,2021,3,2021/08/05 09:48:47.946,0.012,0.0,,,,
MMS,2021,3,2021/08/05 09:48:47.946,0.279,0.0,,,,
MMS,2021,3,2021/08/05 09:48:47.947,0.01,0.333,,,,
MMS,2021,3,2021/08/05 09:48:47.952,0.009,0.0,,,,
MMS,2021,3,2021/08/05 09:48:47.955,0.009,0.0,,,,
MMS,2021,3,2021/08/05 09:48:47.955,0.012,0.0,,,,
MMS,2021,3,2021/08/05 09:48:47.964,0.009,0.0,,,,
MMS,2021,3,2021/08/05 09:48:47.968,0.012,0.0,,,,
MMS,2021,3,2021/08/05 09:48:47.976,0.282,0.0,,,,
MMS,2021,3,2021/08/05 09:48:47.976,,,,,,
MMS,2021,3,2021/08/05 09:48:47.989,0.013,0.333,,,,
MMS,2021,3,2021/08/05 09:48:47.991,0.005,0.0,,,,
MMS,2021,3,2021/08/05 09:48:47.993,0.016,-0.5,,,,
MMS,2021,3,2021/08/05 09:48:48.000,,,,,3.0,46.0
MMS,2021,3,2021/08/05 09:48:48.122,0.013,0.0,,,,
MMS,2021,3,2021/08/05 09:48:48.590,0.015,-0.333,,,,
MMS,2021,3,2021/08/05 09:48:49.006,0.012,0.333,,,,
MMS,2021,3,2021/08/05 09:48:51.955,0.016,0.0,,,,
MMS,2021,3,2021/08/05 09:48:52.000,,,,,19.0,1486.0
MMS,2021,3,2021/08/05 09:48:52.509,2.0,-1.0,,,,
MMS,2021,3,2021/08/05 09:48:52.509,,,,,,
MMS,2021,3,2021/08/05 09:48:52.510,2.0,-1.0,,,,
MMS,2021,3,2021/08/05 09:48:52.510,0.015,-0.333,,,,
MMS,2021,3,2021/08/05 09:48:52.519,0.003,0.333,,,,
MMS,2021,3,2021/08/05 09:48:52.519,0.012,0.333,,,,
MMS,2021,3,2021/08/05 09:48:52.520,,,,,,
MMS,2021,3,2021/08/05 09:48:52.558,0.011,0.0,,,,
MMS,2021,3,2021/08/05 09:48:52.591,0.011,0.0,,,,
MMS,2021,3,2021/08/05 09:48:52.591,2.0,-1.0,,,,
MMS,2021,3,2021/08/05 09:48:52.789,0.013,0.333,,,,
MMS,2021,3,2021/08/05 09:48:52.821,,,,,,
MMS,2021,3,2021/08/05 09:48:54.000,,,,,1.0,30.0
MMS,2021,3,2021/08/05 09:48:55.711,2.0,-1.0,,,,
MMS,2021,3,2021/08/05 09:48:56.000,,,,,19.0,1560.0
MMS,2021,3,2021/08/05 09:48:56.769,0.273,0.0,,,,
MMS,2021,3,2021/08/05 09:48:56.769,0.273,-0.333,,,,
MMS,2021,3,2021/08/05 09:48:56.769,0.273,0.0,,,,
MMS,2021,3,2021/08/05 09:48:56.769,0.273,-0.333,,,,
MMS,2021,3,2021/08/05 09:48:56.770,0.016,0.333,,,,
MMS,2021,3,2021/08/05 09:48:56.770,0.273,0.0,,,,
MMS,2021,3,2021/08/05 09:48:56.772,0.01,0.333,,,,
MMS,2021,3,2021/08/05 09:48:56.772,0.01,0.333,,,,
MMS,2021,3,2021/08/05 09:48:56.772,0.011,0.333,,,,
MMS,2021,3,2021/08/05 09:48:56.772,0.011,0.333,,,,
MMS,2021,3,2021/08/05 09:48:56.772,0.011,0.0,,,,
MMS,2021,3,2021/08/05 09:48:56.772,2.0,-1.0,,,,
MMS,2021,3,2021/08/05 09:48:56.774,,,,,,
MMS,2021,3,2021/08/05 09:48:59.000,,,,,1.0,150.0
MMS,2021,3,2021/08/05 09:49:00.000,,,47.0,21.124,,
MMS,2021,3,2021/08/05 09:49:04.000,,,,,1.0,50.0
MMS,2021,3,2021/08/05 09:49:27.921,0.01,0.0,,,,
MMS,2021,3,2021/08/05 09:49:35.000,,,,,1.0,200.0
MMS,2021,3,2021/08/05 09:49:42.000,,,,,1.0,100.0
MMS,2021,3,2021/08/05 09:49:43.000,,,,,1.0,4.0
MMS,2021,3,2021/08/05 09:49:45.000,,,,,5.0,204.0
MMS,2021,3,2021/08/05 09:49:55.000,,,,,38.0,2190.0
MMS,2021,3,2021/08/05 09:49:55.801,0.008,0.0,,,,
MMS,2021,3,2021/08/05 09:49:55.801,0.019,0.0,,,,
MMS,2021,3,2021/08/05 09:49:55.801,0.006,0.333,,,,
MMS,2021,3,2021/08/05 09:49:55.801,0.006,0.0,,,,
MMS,2021,3,2021/08/05 09:49:55.801,0.006,0.333,,,,
MMS,2021,3,2021/08/05 09:49:55.801,0.006,0.0,,,,
MMS,2021,3,2021/08/05 09:49:55.801,0.015,-0.333,,,,
MMS,2021,3,2021/08/05 09:49:55.801,0.01,0.0,,,,
MMS,2021,3,2021/08/05 09:49:55.801,0.017,-0.333,,,,
MMS,2021,3,2021/08/05 09:49:55.801,2.0,-1.0,,,,
MMS,2021,3,2021/08/05 09:49:55.801,0.009,0.0,,,,
MMS,2021,3,2021/08/05 09:49:55.802,0.017,0.0,,,,
MMS,2021,3,2021/08/05 09:49:55.802,0.007,0.0,,,,
MMS,2021,3,2021/08/05 09:49:55.802,0.012,0.0,,,,
MMS,2021,3,2021/08/05 09:49:55.802,0.011,0.333,,,,
MMS,2021,3,2021/08/05 09:49:55.803,0.037,0.0,,,,
MMS,2021,3,2021/08/05 09:49:55.803,0.006,0.0,,,,
MMS,2021,3,2021/08/05 09:49:55.803,0.012,0.0,,,,
MMS,2021,3,2021/08/05 09:49:55.829,0.004,0.0,,,,
MMS,2021,3,2021/08/05 09:49:55.829,0.007,0.0,,,,
MMS,2021,3,2021/08/05 09:49:55.829,2.0,-1.0,,,,
MMS,2021,3,2021/08/05 09:49:55.891,0.006,0.0,,,,
MMS,2021,3,2021/08/05 09:49:55.892,0.006,-0.333,,,,
MMS,2021,3,2021/08/05 09:49:55.892,0.003,0.0,,,,
MMS,2021,3,2021/08/05 09:49:55.892,0.007,0.0,,,,
MMS,2021,3,2021/08/05 09:49:55.994,0.006,0.0,,,,
MMS,2021,3,2021/08/05 09:49:56.000,,,,,10.0,241.0
MMS,2021,3,2021/08/05 09:49:56.041,0.273,0.0,,,,
MMS,2021,3,2021/08/05 09:49:56.042,0.487,-0.333,,,,
MMS,2021,3,2021/08/05 09:49:56.058,0.012,0.0,,,,
MMS,2021,3,2021/08/05 09:49:56.058,0.273,0.0,,,,
MMS,2021,3,2021/08/05 09:49:56.058,0.273,-0.333,,,,
MMS,2021,3,2021/08/05 09:49:56.058,0.273,0.0,,,,
MMS,2021,3,2021/08/05 09:49:56.058,0.273,-0.333,,,,
MMS,2021,3,2021/08/05 09:49:56.058,0.273,-0.5,,,,
MMS,2021,3,2021/08/05 09:49:56.058,0.003,0.0,,,,
MMS,2021,3,2021/08/05 09:49:56.058,0.007,0.0,,,,
MMS,2021,3,2021/08/05 09:49:56.059,0.002,0.0,,,,
MMS,2021,3,2021/08/05 09:49:56.059,0.007,0.0,,,,
MMS,2021,3,2021/08/05 09:49:56.088,0.272,0.0,,,,
MMS,2021,3,2021/08/05 09:49:56.088,0.272,-0.333,,,,
MMS,2021,3,2021/08/05 09:49:56.088,0.272,0.0,,,,
MMS,2021,3,2021/08/05 09:49:56.088,0.272,-0.333,,,,
MMS,2021,3,2021/08/05 09:49:56.089,0.272,0.0,,,,
MMS,2021,3,2021/08/05 09:49:56.238,0.273,-0.6,,,,
MMS,2021,3,2021/08/05 09:49:56.260,0.273,-0.5,,,,
MMS,2021,3,2021/08/05 09:49:56.288,0.273,-0.333,,,,
MMS,2021,3,2021/08/05 09:49:56.328,0.273,0.0,,,,
MMS,2021,3,2021/08/05 09:49:56.625,-2.0,1.0,,,,
MMS,2021,3,2021/08/05 09:49:56.839,0.009,-0.75,,,,
MMS,2021,3,2021/08/05 09:49:56.843,2.0,-1.0,,,,
MMS,2021,3,2021/08/05 09:49:56.843,0.016,-0.333,,,,
MMS,2021,3,2021/08/05 09:49:57.000,,,,,1.0,33.0
MMS,2021,3,2021/08/05 09:49:57.742,0.009,-0.75,,,,
MMS,2021,3,2021/08/05 09:49:58.000,,,,,2.0,84.0
MMS,2021,3,2021/08/05 09:50:00.000,,,32.0,36.703,,
MMS,2021,3,2021/08/05 09:50:05.000,,,,,1.0,100.0
MMS,2021,3,2021/08/05 09:50:08.572,0.015,-0.75,,,,
MMS,2021,3,2021/08/05 09:50:16.000,,,,,1.0,100.0
MMS,2021,3,2021/08/05 09:50:23.000,,,,,34.0,1563.0
MMS,2021,3,2021/08/05 09:50:23.289,0.007,0.0,,,,
MMS,2021,3,2021/08/05 09:50:23.289,0.017,0.0,,,,
MMS,2021,3,2021/08/05 09:50:23.289,0.011,-0.5,,,,
MMS,2021,3,2021/08/05 09:50:23.289,0.038,0.0,,,,
MMS,2021,3,2021/08/05 09:50:23.289,0.015,0.333,,,,
MMS,2021,3,2021/08/05 09:50:23.289,0.019,0.333,,,,
MMS,2021,3,2021/08/05 09:50:23.289,0.023,0.333,,,,
MMS,2021,3,2021/08/05 09:50:23.289,2.0,-1.0,,,,
MMS,2021,3,2021/08/05 09:50:23.289,2.0,-1.0,,,,
MMS,2021,3,2021/08/05 09:50:23.289,,,,,,
MMS,2021,3,2021/08/05 09:50:23.289,0.041,0.0,,,,
MMS,2021,3,2021/08/05 09:50:23.289,2.0,-1.0,,,,
MMS,2021,3,2021/08/05 09:50:23.289,,,,,,
MMS,2021,3,2021/08/05 09:50:23.290,2.0,-1.0,,,,
MMS,2021,3,2021/08/05 09:50:23.290,,,,,,
MMS,2021,3,2021/08/05 09:50:23.290,2.0,-1.0,,,,
MMS,2021,3,2021/08/05 09:50:23.290,,,,,,
MMS,2021,3,2021/08/05 09:50:23.439,0.487,-0.333,,,,
MMS,2021,3,2021/08/05 09:50:23.454,0.035,0.0,,,,
MMS,2021,3,2021/08/05 09:50:23.459,0.055,0.0,,,,
MMS,2021,3,2021/08/05 09:50:28.593,0.023,-0.6,,,,
MMS,2021,3,2021/08/05 09:50:28.594,0.011,-0.333,,,,
MMS,2021,3,2021/08/05 09:50:28.594,,,,,,
MMS,2021,3,2021/08/05 09:50:33.276,0.01,0.0,,,,
MMS,2021,3,2021/08/05 09:50:33.488,0.01,0.0,,,,
MMS,2021,3,2021/08/05 09:50:45.751,0.01,0.0,,,,
MMS,2021,3,2021/08/05 09:50:45.753,0.016,0.0,,,,
MMS,2021,3,2021/08/05 09:50:46.605,0.014,0.0,,,,
MMS,2021,3,2021/08/05 09:50:46.622,0.016,0.0,,,,
MMS,2021,3,2021/08/05 09:50:46.623,0.009,0.0,,,,
MMS,2021,3,2021/08/05 09:50:51.231,0.009,0.0,,,,
MMS,2021,3,2021/08/05 09:51:00.000,,,2.0,0.004,,
MMS,2021,3,2021/08/05 09:51:02.748,0.008,0.0,,,,
MMS,2021,3,2021/08/05 09:51:15.492,0.008,0.333,,,,
MMS,2021,3,2021/08/05 09:51:17.000,,,,,1.0,10.0
MMS,2021,3,2021/08/05 09:51:25.000,,,,,1.0,10.0
MMS,2021,3,2021/08/05 09:52:33.000,,,,,1.0,20.0
MMS,2021,3,2021/08/05 09:53:43.000,,,,,2.0,124.0
MMS,2021,3,2021/08/05 09:54:00.000,,,1.0,,,
MMS,2021,3,2021/08/05 09:54:13.000,,,,,3.0,120.0
MMS,2021,3,2021/08/05 09:54:30.000,,,,,1.0,4.0
MMS,2021,3,2021/08/05 09:54:30.016,0.008,0.0,,,,
MMS,2021,3,2021/08/05 09:55:00.000,,,21.0,23.106,,
MMS,2021,4,2021/11/18 09:25:00.000,,,1.0,,,
MMS,2021,4,2021/11/18 09:25:00.047,0.203,-0.333,,,,
MMS,2021,4,2021/11/18 09:26:00.000,,,4.0,3.519,,
MMS,2021,4,2021/11/18 09:26:34.091,0.203,-0.333,,,,
MMS,2021,4,2021/11/18 09:26:34.092,0.158,0.0,,,,
MMS,2021,4,2021/11/18 09:26:34.092,0.161,0.333,,,,
MMS,2021,4,2021/11/18 09:26:34.092,0.204,0.0,,,,
MMS,2021,4,2021/11/18 09:28:00.000,,,8.0,4.37,,
MMS,2021,4,2021/11/18 09:28:11.765,0.114,0.0,,,,
MMS,2021,4,2021/11/18 09:28:54.048,0.167,-0.333,,,,
MMS,2021,4,2021/11/18 09:28:54.178,0.065,-0.333,,,,
MMS,2021,4,2021/11/18 09:28:55.204,0.203,-0.333,,,,
MMS,2021,4,2021/11/18 09:28:55.205,0.105,0.333,,,,
MMS,2021,4,2021/11/18 09:28:55.214,0.115,0.0,,,,
MMS,2021,4,2021/11/18 09:28:57.194,0.089,0.0,,,,
MMS,2021,4,2021/11/18 09:28:57.194,0.089,0.0,,,,
MMS,2021,4,2021/11/18 09:28:57.194,0.115,0.0,,,,
MMS,2021,4,2021/11/18 09:28:57.194,0.115,0.0,,,,
MMS,2021,4,2021/11/18 09:29:00.000,,,22.0,2.381,,
MMS,2021,4,2021/11/18 09:29:02.590,0.167,-0.333,,,,
MMS,2021,4,2021/11/18 09:29:02.603,0.065,-0.333,,,,
MMS,2021,4,2021/11/18 09:29:03.213,0.106,0.0,,,,
MMS,2021,4,2021/11/18 09:29:04.180,0.036,-0.333,,,,
MMS,2021,4,2021/11/18 09:29:04.255,0.082,0.0,,,,
MMS,2021,4,2021/11/18 09:29:51.716,0.052,0.0,,,,
MMS,2021,4,2021/11/18 09:29:58.000,,,,,1.0,1.0
MMS,2021,4,2021/11/18 09:29:58.100,0.024,-0.333,,,,
MMS,2021,4,2021/11/18 09:29:58.100,0.053,0.0,,,,
MMS,2021,4,2021/11/18 09:29:58.106,0.039,0.0,,,,
MMS,2021,4,2021/11/18 09:29:58.106,0.072,0.0,,,,
MMS,2021,4,2021/11/18 09:29:58.112,0.06,0.0,,,,
MMS,2021,4,2021/11/18 09:29:58.113,0.084,0.0,,,,
MMS,2021,4,2021/11/18 09:29:58.129,0.036,-0.333,,,,
MMS,2021,4,2021/11/18 09:29:58.207,0.048,0.0,,,,
MMS,2021,4,2021/11/18 09:29:58.233,0.043,-0.333,,,,
MMS,2021,4,2021/11/18 09:29:59.517,0.059,0.0,,,,
MMS,2021,4,2021/11/18 09:29:59.517,0.15,0.0,,,,
MMS,2021,4,2021/11/18 09:29:59.517,0.042,0.0,,,,
MMS,2021,4,2021/11/18 09:29:59.517,0.043,0.0,,,,
MMS,2021,4,2021/11/18 09:29:59.517,0.053,-0.333,,,,
MMS,2021,4,2021/11/18 09:29:59.518,0.042,0.0,,,,
MMS,2021,4,2021/11/18 09:29:59.542,0.042,0.0,,,,
MMS,2021,4,2021/11/18 09:30:00.000,,,12.0,1.428,,
MMS,2021,4,2021/11/18 09:30:00.043,0.053,-0.333,,,,
MMS,2021,4,2021/11/18 09:30:00.060,0.062,0.0,,,,
MMS,2021,4,2021/11/18 09:30:00.082,0.094,0.0,,,,
MMS,2021,4,2021/11/18 09:30:00.467,0.087,-0.333,,,,
MMS,2021,4,2021/11/18 09:30:01.000,,,,,2.0,4628.0
MMS,2021,4,2021/11/18 09:30:01.113,0.078,0.0,,,,
MMS,2021,4,2021/11/18 09:30:01.114,0.078,0.0,,,,
MMS,2021,4,2021/11/18 09:30:01.114,0.076,0.5,,,,
MMS,2021,4,2021/11/18 09:30:01.167,0.059,-0.333,,,,
MMS,2021,4,2021/11/18 09:30:01.377,0.044,0.077,,,,
MMS,2021,4,2021/11/18 09:30:01.660,0.059,-0.5,,,,
MMS,2021,4,2021/11/18 09:30:02.000,,,,,3.0,155.0
MMS,2021,4,2021/11/18 09:30:03.000,,,,,1.0,1.0
MMS,2021,4,2021/11/18 09:30:08.000,,,,,1.0,1.0
MMS,2021,4,2021/11/18 09:30:33.560,0.041,0.0,,,,
MMS,2021,4,2021/11/18 09:30:33.653,0.041,-0.2,,,,
MMS,2021,4,2021/11/18 09:31:00.000,,,2.0,0.583,,
MMS,2021,4,2021/11/18 09:31:18.000,,,,,1.0,3.0
MMS,2021,4,2021/11/18 09:31:24.161,0.023,0.0,,,,
MMS,2021,4,2021/11/18 09:31:27.080,0.023,0.333,,,,
MMS,2021,4,2021/11/18 09:31:28.000,,,,,1.0,45.0
MMS,2021,4,2021/11/18 09:31:55.000,,,,,2.0,2.0
MMS,2021,4,2021/11/18 09:32:00.000,,,2.0,0.0,,
MMS,2021,4,2021/11/18 09:32:01.000,,,,,1.0,80.0
MMS,2021,4,2021/11/18 09:32:03.000,,,,,2.0,110.0
MMS,2021,4,2021/11/18 09:32:03.145,0.023,0.5,,,,
MMS,2021,4,2021/11/18 09:32:35.000,,,,,2.0,105.0
MMS,2021,4,2021/11/18 09:32:35.477,0.023,0.333,,,,
MMS,2021,4,2021/11/18 09:32:40.000,,,,,1.0,10.0
MMS,2021,4,2021/11/18 09:32:55.000,,,,,1.0,1.0
MMS,2021,4,2021/11/18 09:33:00.000,,,29.0,19.909,,
MMS,2021,4,2021/11/18 09:33:28.000,,,,,62.0,7331.0
MMS,2021,4,2021/11/18 09:33:28.786,0.005,0.0,,,,
MMS,2021,4,2021/11/18 09:33:28.786,0.023,0.5,,,,
MMS,2021,4,2021/11/18 09:33:28.787,0.023,0.333,,,,
MMS,2021,4,2021/11/18 09:33:28.787,0.028,-0.333,,,,
MMS,2021,4,2021/11/18 09:33:28.787,0.028,0.0,,,,
MMS,2021,4,2021/11/18 09:33:28.787,0.049,-0.333,,,,
MMS,2021,4,2021/11/18 09:33:28.787,0.079,0.0,,,,
MMS,2021,4,2021/11/18 09:33:28.788,0.028,0.0,,,,
MMS,2021,4,2021/11/18 09:33:28.788,0.028,0.714,,,,
MMS,2021,4,2021/11/18 09:33:28.788,0.024,0.0,,,,
MMS,2021,4,2021/11/18 09:33:28.788,0.024,0.714,,,,
MMS,2021,4,2021/11/18 09:33:28.790,-2.0,1.0,,,,
MMS,2021,4,2021/11/18 09:33:28.791,-2.0,1.0,,,,
MMS,2021,4,2021/11/18 09:33:28.801,0.019,-0.333,,,,
MMS,2021,4,2021/11/18 09:33:28.818,0.026,0.0,,,,
MMS,2021,4,2021/11/18 09:33:28.821,-2.0,1.0,,,,
MMS,2021,4,2021/11/18 09:33:29.000,,,,,1.0,100.0
MMS,2021,4,2021/11/18 09:33:31.607,0.026,0.333,,,,
MMS,2021,4,2021/11/18 09:33:32.000,,,,,7.0,700.0
MMS,2021,4,2021/11/18 09:33:32.729,0.021,-0.6,,,,
MMS,2021,4,2021/11/18 09:33:33.000,,,,,3.0,300.0
MMS,2021,4,2021/11/18 09:33:35.000,,,,,4.0,400.0
MMS,2021,4,2021/11/18 09:33:35.301,0.024,-0.333,,,,
MMS,2021,4,2021/11/18 09:33:39.000,,,,,25.0,2727.0
MMS,2021,4,2021/11/18 09:33:39.120,-2.0,1.0,,,,
MMS,2021,4,2021/11/18 09:33:39.500,0.024,0.333,,,,
MMS,2021,4,2021/11/18 09:33:40.000,,,,,2.0,218.0
MMS,2021,4,2021/11/18 09:33:40.106,0.024,0.0,,,,
MMS,2021,4,2021/11/18 09:33:44.000,,,,,1.0,100.0
MMS,2021,4,2021/11/18 09:33:48.385,0.053,0.0,,,,
MMS,2021,4,2021/11/18 09:33:48.418,0.029,0.6,,,,
MMS,2021,4,2021/11/18 09:33:48.421,0.021,-0.333,,,,
MMS,2021,4,2021/11/18 09:33:49.000,,,,,3.0,300.0
MMS,2021,4,2021/11/18 09:33:49.050,0.027,0.333,,,,
MMS,2021,4,2021/11/18 09:33:49.055,0.017,0.333,,,,
MMS,2021,4,2021/11/18 09:33:49.795,0.017,0.333,,,,
MMS,2021,4,2021/11/18 09:33:49.797,0.017,0.333,,,,
MMS,2021,4,2021/11/18 09:33:58.169,0.016,0.333,,,,
MMS,2021,4,2021/11/18 09:33:58.172,0.016,0.333,,,,
MMS,2021,4,2021/11/18 09:34:00.000,,,53.0,23.528,,
MMS,2021,4,2021/11/18 09:34:05.000,,,,,40.0,2157.0
MMS,2021,4,2021/11/18 09:34:05.122,0.016,0.333,,,,
MMS,2021,4,2021/11/18 09:34:05.123,0.005,0.333,,,,
MMS,2021,4,2021/11/18 09:34:05.123,0.016,0.0,,,,
MMS,2021,4,2021/11/18 09:34:05.123,0.016,-0.333,,,,
MMS,2021,4,2021/11/18 09:34:05.123,0.016,0.0,,,,
MMS,2021,4,2021/11/18 09:34:05.123,0.016,-0.333,,,,
MMS,2021,4,2021/11/18 09:34:05.123,0.018,0.333,,,,
MMS,2021,4,2021/11/18 09:34:05.123,0.053,0.333,,,,
MMS,2021,4,2021/11/18 09:34:05.123,0.005,0.0,,,,
MMS,2021,4,2021/11/18 09:34:05.123,0.016,-0.333,,,,
MMS,2021,4,2021/11/18 09:34:05.124,,,,,,
MMS,2021,4,2021/11/18 09:34:05.124,0.009,0.333,,,,
MMS,2021,4,2021/11/18 09:34:05.124,0.038,0.0,,,,
MMS,2021,4,2021/11/18 09:34:05.124,0.246,0.0,,,,
MMS,2021,4,2021/11/18 09:34:05.387,0.011,0.0,,,,
MMS,2021,4,2021/11/18 09:34:05.387,0.451,0.0,,,,
MMS,2021,4,2021/11/18 09:34:05.387,0.451,0.0,,,,
MMS,2021,4,2021/11/18 09:34:05.387,0.015,0.0,,,,
MMS,2021,4,2021/11/18 09:34:05.387,0.015,0.0,,,,
MMS,2021,4,2021/11/18 09:34:05.521,0.013,0.0,,,,
MMS,2021,4,2021/11/18 09:34:05.522,0.009,0.333,,,,
MMS,2021,4,2021/11/18 09:34:05.522,0.037,0.333,,,,
MMS,2021,4,2021/11/18 09:34:05.522,0.021,-0.6,,,,
MMS,2021,4,2021/11/18 09:34:05.522,0.037,0.333,,,,
MMS,2021,4,2021/11/18 09:34:05.522,0.012,0.0,,,,
MMS,2021,4,2021/11/18 09:34:05.523,0.049,0.333,,,,
MMS,2021,4,2021/11/18 09:34:05.525,0.019,0.0,,,,
MMS,2021,4,2021/11/18 09:34:05.525,0.016,0.0,,,,
MMS,2021,4,2021/11/18 09:34:05.552,0.029,0.333,,,,
MMS,2021,4,2021/11/18 09:34:05.556,0.071,0.0,,,,
MMS,2021,4,2021/11/18 09:34:05.580,0.028,0.333,,,,
MMS,2021,4,2021/11/18 09:34:05.623,0.017,0.0,,,,
MMS,2021,4,2021/11/18 09:34:05.685,0.017,0.333,,,,
MMS,2021,4,2021/11/18 09:34:05.685,0.049,0.333,,,,
MMS,2021,4,2021/11/18 09:34:05.686,0.017,0.333,,,,
MMS,2021,4,2021/11/18 09:34:05.686,0.017,0.0,,,,
MMS,2021,4,2021/11/18 09:34:05.686,0.016,0.333,,,,
MMS,2021,4,2021/11/18 09:34:05.691,0.016,0.0,,,,
MMS,2021,4,2021/11/18 09:34:05.691,0.017,0.333,,,,
MMS,2021,4,2021/11/18 09:34:05.730,0.017,0.0,,,,
MMS,2021,4,2021/11/18 09:34:05.996,0.017,-0.333,,,,
MMS,2021,4,2021/11/18 09:34:06.000,,,,,3.0,104.0
MMS,2021,4,2021/11/18 09:34:06.186,0.028,0.0,,,,
MMS,2021,4,2021/11/18 09:34:06.384,0.017,0.0,,,,
MMS,2021,4,2021/11/18 09:34:06.385,0.226,0.0,,,,
MMS,2021,4,2021/11/18 09:34:08.000,,,,,1.0,250.0
MMS,2021,4,2021/11/18 09:34:22.000,,,,,1.0,100.0
MMS,2021,4,2021/11/18 09:34:22.471,0.027,0.0,,,,
MMS,2021,4,2021/11/18 09:34:22.471,0.038,0.0,,,,
MMS,2021,4,2021/11/18 09:34:22.472,0.031,0.0,,,,
MMS,2021,4,2021/11/18 09:34:29.000,,,,,1.0,10.0
MMS,2021,4,2021/11/18 09:34:29.900,0.028,0.0,,,,
MMS,2021,4,2021/11/18 09:34:29.900,0.038,0.0,,,,
MMS,2021,4,2021/11/18 09:34:33.000,,,,,1.0,1.0
MMS,2021,4,2021/11/18 09:34:34.106,0.017,0.0,,,,
MMS,2021,4,2021/11/18 09:34:37.440,,,,,,
MMS,2021,4,2021/11/18 09:34:41.935,0.029,0.333,,,,
MMS,2021,4,2021/11/18 09:34:41.935,0.226,0.0,,,,
MMS,2021,4,2021/11/18 09:34:41.967,0.017,0.0,,,,
MMS,2021,4,2021/11/18 09:34:51.456,0.016,0.0,,,,
MMS,2021,4,2021/11/18 09:34:52.818,0.024,0.0,,,,
MMS,2021,4,2021/11/18 09:34:57.110,0.016,0.0,,,,
MMS,2021,4,2021/11/18 09:35:00.000,,,17.0,33.491,,
MMS,2021,4,2021/11/18 09:35:00.013,0.024,0.0,,,,
MMS,2021,4,2021/11/18 09:35:00.033,0.024,0.333,,,,
MMS,2021,4,2021/11/18 09:35:01.515,0.027,0.0,,,,
MMS,2021,4,2021/11/18 09:35:07.000,,,,,4.0,571.0
MMS,2021,4,2021/11/18 09:35:07.535,0.006,-0.6,,,,
MMS,2021,4,2021/11/18 09:35:07.535,0.006,-0.5,,,,
MMS,2021,4,2021/11/18 09:35:07.535,0.032,-0.333,,,,
MMS,2021,4,2021/11/18 09:35:07.535,0.02,0.0,,,,
MMS,2021,4,2021/11/18 09:35:07.535,0.02,0.333,,,,
MMS,2021,4,2021/11/18 09:35:07.535,0.02,0.0,,,,
MMS,2021,4,2021/11/18 09:35:08.000,,,,,3.0,201.0
MMS,2021,4,2021/11/18 09:35:08.102,0.223,0.0,,,,
MMS,2021,4,2021/11/18 09:35:12.646,0.021,0.0,,,,
MMS,2021,4,2021/11/18 09:35:17.482,0.051,0.0,,,,
MMS,2021,4,2021/11/18 09:35:18.761,2.0,-1.0,,,,
MMS,2021,4,2021/11/18 09:35:18.761,0.02,0.0,,,,
MMS,2021,4,2021/11/18 09:35:19.461,,,,,,
MMS,2021,4,2021/11/18 09:35:20.000,,,,,2.0,16.0
MMS,2021,4,2021/11/18 09:35:25.001,0.027,0.0,,,,
MMS,2021,4,2021/11/18 09:35:30.000,,,,,1.0,9.0
MMS,2021,4,2021/11/18 09:35:30.335,0.016,0.0,,,,
MMS,2021,4,2021/11/18 09:35:41.000,,,,,1.0,19.0
MMS,2021,4,2021/11/18 09:35:53.000,,,,,1.0,20.0
MMS,2021,4,2021/11/18 09:36:00.000,,,45.0,6.322,,
MMS,2021,4,2021/11/18 09:36:01.000,,,,,1.0,100.0
MMS,2021,4,2021/11/18 09:36:03.000,,,,,1.0,19.0
MMS,2021,4,2021/11/18 09:36:11.000,,,,,1.0,50.0
MMS,2021,4,2021/11/18 09:36:15.000,,,,,1.0,1.0
MMS,2021,4,2021/11/18 09:36:18.000,,,,,4.0,14.0
MMS,2021,4,2021/11/18 09:36:18.313,0.017,0.0,,,,
MMS,2021,4,2021/11/18 09:36:18.314,0.017,0.333,,,,
MMS,2021,4,2021/11/18 09:36:18.324,0.017,0.0,,,,
MMS,2021,4,2021/11/18 09:36:18.354,0.221,0.0,,,,
MMS,2021,4,2021/11/18 09:36:19.978,0.017,0.0,,,,
MMS,2021,4,2021/11/18 09:36:19.978,0.017,0.0,,,,
MMS,2021,4,2021/11/18 09:36:19.978,0.221,0.0,,,,
MMS,2021,4,2021/11/18 09:36:19.978,0.221,0.0,,,,
MMS,2021,4,2021/11/18 09:36:19.978,0.017,0.0,,,,
MMS,2021,4,2021/11/18 09:36:19.979,0.017,0.0,,,,
MMS,2021,4,2021/11/18 09:36:19.979,0.221,0.0,,,,
MMS,2021,4,2021/11/18 09:36:19.979,0.091,0.0,,,,
MMS,2021,4,2021/11/18 09:36:19.979,0.221,0.0,,,,
MMS,2021,4,2021/11/18 09:36:19.979,0.017,0.0,,,,
MMS,2021,4,2021/11/18 09:36:19.979,0.017,0.0,,,,
MMS,2021,4,2021/11/18 09:36:19.979,0.221,0.0,,,,
MMS,2021,4,2021/11/18 09:36:19.979,0.017,0.0,,,,
MMS,2021,4,2021/11/18 09:36:19.979,0.017,0.0,,,,
MMS,2021,4,2021/11/18 09:36:19.979,0.221,0.0,,,,
MMS,2021,4,2021/11/18 09:36:19.979,0.017,0.0,,,,
MMS,2021,4,2021/11/18 09:36:19.979,0.017,0.0,,,,
MMS,2021,4,2021/11/18 09:36:19.980,0.027,0.0,,,,
MMS,2021,4,2021/11/18 09:36:20.392,0.016,0.0,,,,
MMS,2021,4,2021/11/18 09:36:20.394,0.016,0.0,,,,
MMS,2021,4,2021/11/18 09:36:20.406,0.016,-0.333,,,,
MMS,2021,4,2021/11/18 09:36:28.852,0.016,0.0,,,,
MMS,2021,4,2021/11/18 09:36:28.854,0.015,0.0,,,,
MMS,2021,4,2021/11/18 09:36:34.941,0.015,0.0,,,,
MMS,2021,4,2021/11/18 09:36:34.942,0.015,0.0,,,,
MMS,2021,4,2021/11/18 09:36:34.992,0.015,-0.333,,,,
MMS,2021,4,2021/11/18 09:36:38.000,,,,,1.0,1.0
MMS,2021,4,2021/11/18 09:36:41.693,0.015,0.0,,,,
MMS,2021,4,2021/11/18 09:36:41.695,0.015,0.0,,,,
MMS,2021,4,2021/11/18 09:36:41.776,0.221,0.0,,,,
MMS,2021,4,2021/11/18 09:36:50.000,,,,,1.0,100.0
MMS,2021,4,2021/11/18 09:36:50.539,0.015,0.0,,,,
MMS,2021,4,2021/11/18 09:36:50.541,0.015,0.0,,,,
MMS,2021,4,2021/11/18 09:36:50.544,0.015,0.0,,,,
MMS,2021,4,2021/11/18 09:36:50.546,0.018,0.0,,,,
MMS,2021,4,2021/11/18 09:36:50.549,0.015,0.0,,,,
MMS,2021,4,2021/11/18 09:36:50.578,0.015,-0.333,,,,
MMS,2021,4,2021/11/18 09:36:50.594,0.221,0.0,,,,
MMS,2021,4,2021/11/18 09:36:50.814,0.015,0.0,,,,
MMS,2021,4,2021/11/18 09:36:51.218,0.016,0.0,,,,
MMS,2021,4,2021/11/18 09:36:58.870,0.015,0.0,,,,
MMS,2021,4,2021/11/18 09:36:58.871,0.221,0.0,,,,
MMS,2021,4,2021/11/18 09:36:58.872,0.014,0.0,,,,
MMS,2021,4,2021/11/18 09:37:00.000,,,10.0,56.246,,
MMS,2021,4,2021/11/18 09:37:01.000,,,,,1.0,2.0
MMS,2021,4,2021/11/18 09:37:03.931,0.02,0.0,,,,
MMS,2021,4,2021/11/18 09:37:03.931,0.016,0.333,,,,
MMS,2021,4,2021/11/18 09:37:05.044,0.024,0.0,,,,
MMS,2021,4,2021/11/18 09:37:05.044,0.091,0.0,,,,
MMS,2021,4,2021/11/18 09:37:05.044,,,,,,
MMS,2021,4,2021/11/18 09:37:09.000,,,,,1.0,1.0
MMS,2021,4,2021/11/18 09:37:15.301,0.024,0.0,,,,
MMS,2021,4,2021/11/18 09:37:15.302,0.091,0.0,,,,
MMS,2021,4,2021/11/18 09:37:15.302,,,,,,
MMS,2021,4,2021/11/18 09:37:18.000,,,,,19.0,2100.0
MMS,2021,4,2021/11/18 09:37:19.000,,,,,1.0,10.0
MMS,2021,4,2021/11/18 09:37:28.721,0.01,0.0,,,,
MMS,2021,4,2021/11/18 09:37:35.766,0.01,0.0,,,,
MMS,2021,4,2021/11/18 09:38:00.000,,,3.0,0.186,,
MMS,2021,4,2021/11/18 09:38:13.000,,,,,2.0,200.0
MMS,2021,4,2021/11/18 09:38:19.974,0.013,0.333,,,,
MMS,2021,4,2021/11/18 09:38:19.978,0.009,0.0,,,,
MMS,2021,4,2021/11/18 09:38:23.968,0.01,0.0,,,,
MMS,2021,4,2021/11/18 09:38:33.000,,,,,1.0,10.0
MMS,2021,4,2021/11/18 09:38:48.000,,,,,1.0,100.0
MMS,2021,4,2021/11/18 09:39:00.000,,,12.0,0.125,,
MMS,2021,4,2021/11/18 09:39:12.501,0.009,0.0,,,,
MMS,2021,4,2021/11/18 09:39:34.000,,,,,1.0,10.0
MMS,2021,4,2021/11/18 09:39:34.270,0.009,0.0,,,,
MMS,2021,4,2021/11/18 09:39:34.584,0.009,0.0,,,,
MMS,2021,4,2021/11/18 09:39:37.701,0.009,0.0,,,,
MMS,2021,4,2021/11/18 09:39:40.000,,,,,1.0,1.0
MMS,2021,4,2021/11/18 09:39:43.926,0.009,0.0,,,,
MMS,2021,4,2021/11/18 09:39:49.419,0.012,0.333,,,,
MMS,2021,4,2021/11/18 09:39:49.419,0.012,0.5,,,,
MMS,2021,4,2021/11/18 09:39:49.421,0.008,0.0,,,,
MMS,2021,4,2021/11/18 09:39:51.000,,,,,1.0,10.0
MMS,2021,4,2021/11/18 09:39:51.268,0.009,0.0,,,,
MMS,2021,4,2021/11/18 09:39:51.271,0.009,0.0,,,,
MMS,2021,4,2021/11/18 09:39:51.271,0.013,0.0,,,,
MMS,2021,4,2021/11/18 09:39:53.000,,,,,1.0,1.0
MMS,2021,4,2021/11/18 09:39:54.000,0.008,0.0,,,,
MMS,2021,4,2021/11/18 09:40:00.000,,,2.0,0.318,,
MMS,2021,4,2021/11/18 09:40:13.000,,,,,1.0,5.0
MMS,2021,4,2021/11/18 09:40:13.594,0.017,0.2,,,,
MMS,2021,4,2021/11/18 09:40:13.671,0.009,0.5,,,,
MMS,2021,4,2021/11/18 09:41:00.000,,,32.0,15.144,,
MMS,2021,4,2021/11/18 09:41:01.000,,,,,1.0,8.0
MMS,2021,4,2021/11/18 09:41:05.000,,,,,17.0,710.0
MMS,2021,4,2021/11/18 09:41:05.065,0.017,0.2,,,,
MMS,2021,4,2021/11/18 09:41:05.065,0.01,0.0,,,,
MMS,2021,4,2021/11/18 09:41:05.065,0.011,-0.333,,,,
MMS,2021,4,2021/11/18 09:41:05.066,0.012,0.0,,,,
MMS,2021,4,2021/11/18 09:41:05.066,0.009,-0.333,,,,
MMS,2021,4,2021/11/18 09:41:05.067,0.014,0.0,,,,
MMS,2021,4,2021/11/18 09:41:05.075,0.012,-0.333,,,,
MMS,2021,4,2021/11/18 09:41:05.075,0.011,-0.333,,,,
MMS,2021,4,2021/11/18 09:41:05.095,0.014,0.0,,,,
MMS,2021,4,2021/11/18 09:41:05.095,0.014,-0.333,,,,
MMS,2021,4,2021/11/18 09:41:05.095,0.031,0.5,,,,
MMS,2021,4,2021/11/18 09:41:05.095,0.014,-0.333,,,,
MMS,2021,4,2021/11/18 09:41:05.095,0.047,0.5,,,,
MMS,2021,4,2021/11/18 09:41:05.096,-2.0,1.0,,,,
MMS,2021,4,2021/11/18 09:41:05.096,0.031,0.5,,,,
MMS,2021,4,2021/11/18 09:41:05.325,0.047,0.5,,,,
MMS,2021,4,2021/11/18 09:41:05.326,0.031,0.5,,,,
MMS,2021,4,2021/11/18 09:41:05.436,0.047,0.5,,,,
MMS,2021,4,2021/11/18 09:41:05.439,0.011,0.0,,,,
MMS,2021,4,2021/11/18 09:41:05.466,0.064,0.0,,,,
MMS,2021,4,2021/11/18 09:41:05.720,0.12,0.0,,,,
MMS,2021,4,2021/11/18 09:41:07.911,0.011,0.0,,,,
MMS,2021,4,2021/11/18 09:41:22.066,-2.0,1.0,,,,
MMS,2021,4,2021/11/18 09:41:22.083,0.016,0.0,,,,
MMS,2021,4,2021/11/18 09:41:22.083,0.049,0.0,,,,
MMS,2021,4,2021/11/18 09:41:24.000,,,,,15.0,2430.0
MMS,2021,4,2021/11/18 09:41:24.102,0.012,0.0,,,,
MMS,2021,4,2021/11/18 09:41:24.130,0.066,0.0,,,,
MMS,2021,4,2021/11/18 09:41:24.384,0.12,0.0,,,,
MMS,2021,4,2021/11/18 09:41:25.000,,,,,6.0,800.0
MMS,2021,4,2021/11/18 09:41:25.357,0.016,0.8,,,,
MMS,2021,4,2021/11/18 09:41:29.000,,,,,4.0,311.0
MMS,2021,4,2021/11/18 09:41:31.000,,,,,2.0,500.0
MMS,2021,4,2021/11/18 09:41:32.000,,,,,13.0,1500.0
MMS,2021,4,2021/11/18 09:41:33.000,,,,,7.0,832.0
MMS,2021,4,2021/11/18 09:41:34.000,,,,,2.0,200.0
MMS,2021,4,2021/11/18 09:41:37.000,,,,,1.0,10.0
MMS,2021,4,2021/11/18 09:41:49.000,,,,,3.0,300.0
MMS,2021,4,2021/11/18 09:41:49.478,0.017,0.333,,,,
MMS,2021,4,2021/11/18 09:41:49.480,0.015,0.333,,,,
MMS,2021,4,2021/11/18 09:41:51.956,0.011,0.0,,,,
MMS,2021,4,2021/11/18 09:42:00.000,,,28.0,23.256,,
MMS,2021,4,2021/11/18 09:42:03.000,,,,,19.0,1055.0
MMS,2021,4,2021/11/18 09:42:03.182,0.017,0.0,,,,
MMS,2021,4,2021/11/18 09:42:03.182,0.016,0.5,,,,
MMS,2021,4,2021/11/18 09:42:03.182,0.214,0.0,,,,
MMS,2021,4,2021/11/18 09:42:03.183,0.014,0.333,,,,
MMS,2021,4,2021/11/18 09:42:03.183,0.024,0.333,,,,
MMS,2021,4,2021/11/18 09:42:03.187,0.451,0.0,,,,
MMS,2021,4,2021/11/18 09:42:03.193,0.014,0.0,,,,
MMS,2021,4,2021/11/18 09:42:03.213,0.045,0.0,,,,
MMS,2021,4,2021/11/18 09:42:03.213,0.021,0.333,,,,
MMS,2021,4,2021/11/18 09:42:03.213,,,,,,
MMS,2021,4,2021/11/18 09:42:03.362,,,,,,
MMS,2021,4,2021/11/18 09:42:04.865,0.018,0.0,,,,
MMS,2021,4,2021/11/18 09:42:04.866,0.024,-0.5,,,,
MMS,2021,4,2021/11/18 09:42:04.866,0.024,-0.333,,,,
MMS,2021,4,2021/11/18 09:42:04.866,0.024,-0.5,,,,
MMS,2021,4,2021/11/18 09:42:04.871,0.024,0.0,,,,
MMS,2021,4,2021/11/18 09:42:04.871,0.024,-0.333,,,,
MMS,2021,4,2021/11/18 09:42:07.000,,,,,1.0,166.0
MMS,2021,4,2021/11/18 09:42:10.000,0.025,0.778,,,,
MMS,2021,4,2021/11/18 09:42:10.000,0.029,0.778,,,,
MMS,2021,4,2021/11/18 09:42:10.005,0.029,0.778,,,,
MMS,2021,4,2021/11/18 09:42:10.005,0.029,0.6,,,,
MMS,2021,4,2021/11/18 09:42:13.000,,,,,1.0,50.0
MMS,2021,4,2021/11/18 09:42:15.001,0.029,0.778,,,,
MMS,2021,4,2021/11/18 09:42:15.001,0.031,0.778,,,,
MMS,2021,4,2021/11/18 09:42:15.003,0.031,0.778,,,,
MMS,2021,4,2021/11/18 09:42:15.003,0.031,0.6,,,,
MMS,2021,4,2021/11/18 09:42:16.000,,,,,1.0,2.0
MMS,2021,4,2021/11/18 09:42:17.000,,,,,1.0,2.0
MMS,2021,4,2021/11/18 09:42:18.000,,,,,1.0,2.0
MMS,2021,4,2021/11/18 09:42:19.000,,,,,1.0,2.0
MMS,2021,4,2021/11/18 09:42:19.255,0.027,0.0,,,,
MMS,2021,4,2021/11/18 09:42:19.258,0.031,0.778,,,,
MMS,2021,4,2021/11/18 09:42:20.000,,,,,1.0,10.0
MMS,2021,4,2021/11/18 09:42:21.858,0.035,0.333,,,,
MMS,2021,4,2021/11/18 09:42:31.000,,,,,1.0,9.0
MMS,2021,4,2021/11/18 09:42:32.000,,,,,1.0,16.0
MMS,2021,4,2021/11/18 09:42:34.000,,,,,1.0,12.0
MMS,2021,4,2021/11/18 09:42:35.000,,,,,1.0,12.0
MMS,2021,4,2021/11/18 09:42:37.000,,,,,1.0,17.0
MMS,2021,4,2021/11/18 09:42:39.000,,,,,1.0,17.0
MMS,2021,4,2021/11/18 09:42:42.000,,,,,1.0,18.0
MMS,2021,4,2021/11/18 09:42:45.000,,,,,1.0,16.0
MMS,2021,4,2021/11/18 09:42:49.000,,,,,1.0,19.0
MMS,2021,4,2021/11/18 09:42:55.000,,,,,1.0,11.0
MMS,2021,4,2021/11/18 09:43:00.000,,,5.0,0.568,,
MMS,2021,4,2021/11/18 09:43:01.000,,,,,1.0,12.0
MMS,2021,4,2021/11/18 09:43:06.000,,,,,1.0,3.0
MMS,2021,4,2021/11/18 09:43:08.000,,,,,1.0,14.0
MMS,2021,4,2021/11/18 09:43:13.000,,,,,1.0,200.0
MMS,2021,4,2021/11/18 09:43:13.464,0.03,0.0,,,,
MMS,2021,4,2021/11/18 09:43:21.358,0.026,0.333,,,,
MMS,2021,4,2021/11/18 09:43:25.432,0.026,0.0,,,,
MMS,2021,4,2021/11/18 09:43:29.000,,,,,1.0,10.0
MMS,2021,4,2021/11/18 09:43:55.826,0.022,0.333,,,,
MMS,2021,4,2021/11/18 09:43:55.871,0.023,0.0,,,,
MMS,2021,4,2021/11/18 09:43:59.000,,,,,1.0,50.0
MMS,2021,4,2021/11/18 09:44:03.000,,,,,1.0,3.0
MMS,2021,4,2021/11/18 09:44:15.000,,,,,1.0,100.0
